stage_k,fwd_stage_s,m,batch_idx,lane,lower_logical,upper_logical,w_forward,w_dif_inverse,w_bf_actual,scale_even_in,scale_odd_in
0,8,256,0,0,0,256,1,1,1,1,1
0,8,256,0,1,2,258,440707649,334621212,1,1,1
0,8,256,0,2,4,260,187094501,441327809,1,1,1
0,8,256,0,3,6,262,901096861,393798416,1,1,1
0,8,256,0,4,8,264,817737403,678067437,1,1,1
0,8,256,0,5,10,266,1071029070,468127821,1,1,1
0,8,256,0,6,12,268,388561657,123870660,1,1,1
0,8,256,0,7,14,270,325597406,740442439,1,1,1
0,8,256,0,8,16,272,495671011,799167190,1,1,1
0,8,256,0,9,18,274,356746691,490820799,1,1,1
0,8,256,0,10,20,276,46209594,395896132,1,1,1
0,8,256,0,11,22,278,468059684,497305853,1,1,1
0,8,256,0,12,24,280,673962946,52154767,1,1,1
0,8,256,0,13,26,282,969735620,671309770,1,1,1
0,8,256,0,14,28,284,504231929,225846482,1,1,1
0,8,256,0,15,30,286,123325148,867526659,1,1,1
0,8,256,0,16,32,288,712162816,599619393,1,1,1
0,8,256,0,17,34,290,469253809,965174038,1,1,1
0,8,256,0,18,36,292,779493133,798152116,1,1,1
0,8,256,0,19,38,294,24705055,984048823,1,1,1
0,8,256,0,20,40,296,721337582,329845853,1,1,1
0,8,256,0,21,42,298,722972536,546561812,1,1,1
0,8,256,0,22,44,300,728877883,220006667,1,1,1
0,8,256,0,23,46,302,653072860,66559298,1,1,1
0,8,256,0,24,48,304,974527200,614008376,1,1,1
0,8,256,0,25,50,306,285094367,536100833,1,1,1
0,8,256,0,26,52,308,208233360,606240765,1,1,1
0,8,256,0,27,54,310,741034156,467587895,1,1,1
0,8,256,0,28,56,312,181435322,756720802,1,1,1
0,8,256,0,29,58,314,616973287,838112911,1,1,1
0,8,256,0,30,60,316,815926050,626476280,1,1,1
0,8,256,0,31,62,318,177778572,57627457,1,1,1
0,8,256,0,32,128,384,416084698,657665319,1,1,1
0,8,256,0,33,130,386,98497549,7438046,1,1,1
0,8,256,0,34,132,388,317291227,124276143,1,1,1
0,8,256,0,35,134,390,221863730,606199647,1,1,1
0,8,256,0,36,136,392,488629146,545310717,1,1,1
0,8,256,0,37,138,394,427155522,615157640,1,1,1
0,8,256,0,38,140,396,320034280,785100183,1,1,1
0,8,256,0,39,142,398,1056436643,842543136,1,1,1
0,8,256,0,40,144,400,1062755379,694438338,1,1,1
0,8,256,0,41,146,402,442128410,881799352,1,1,1
0,8,256,0,42,148,404,284782112,844168805,1,1,1
0,8,256,0,43,150,406,990973619,791916626,1,1,1
0,8,256,0,44,152,408,138549337,902119598,1,1,1
0,8,256,0,45,154,410,78058549,854923454,1,1,1
0,8,256,0,46,156,412,73242190,89204745,1,1,1
0,8,256,0,47,158,414,35218071,390458080,1,1,1
0,8,256,0,48,160,416,388242986,321206780,1,1,1
0,8,256,0,49,162,418,711856442,910763807,1,1,1
0,8,256,0,50,164,420,1021136799,31489074,1,1,1
0,8,256,0,51,166,422,959751287,251063475,1,1,1
0,8,256,0,52,168,424,315633928,883336468,1,1,1
0,8,256,0,53,170,426,1038697402,434929989,1,1,1
0,8,256,0,54,172,428,46625505,116385227,1,1,1
0,8,256,0,55,174,430,56660921,1061044308,1,1,1
0,8,256,0,56,176,432,671236367,421163569,1,1,1
0,8,256,0,57,178,434,729107396,795266550,1,1,1
0,8,256,0,58,180,436,462366380,168360098,1,1,1
0,8,256,0,59,182,438,184055349,214503163,1,1,1
0,8,256,0,60,184,440,885678724,615739167,1,1,1
0,8,256,0,61,186,442,807336669,634070065,1,1,1
0,8,256,0,62,188,444,97085222,371514190,1,1,1
0,8,256,0,63,190,446,899106445,1071023895,1,1,1
0,8,256,1,0,64,320,1035757310,325516584,1,1,1
0,8,256,1,1,66,322,2726122,174643572,1,1,1
0,8,256,1,2,68,324,702235827,976664795,1,1,1
0,8,256,1,3,70,326,439679952,266413348,1,1,1
0,8,256,1,4,72,328,458010850,188071293,1,1,1
0,8,256,1,5,74,330,859246854,889694668,1,1,1
0,8,256,1,6,76,332,905389919,611383637,1,1,1
0,8,256,1,7,78,334,278483467,344642621,1,1,1
0,8,256,1,8,80,336,652586448,402513650,1,1,1
0,8,256,1,9,82,338,12705709,1017089096,1,1,1
0,8,256,1,10,84,340,957364790,1027124512,1,1,1
0,8,256,1,11,86,342,638820028,35052615,1,1,1
0,8,256,1,12,88,344,190413549,758116089,1,1,1
0,8,256,1,13,90,346,822686542,113998730,1,1,1
0,8,256,1,14,92,348,1042260943,52613218,1,1,1
0,8,256,1,15,94,350,162986210,361893575,1,1,1
0,8,256,1,16,96,352,752543237,685507031,1,1,1
0,8,256,1,17,98,354,683291937,1038531946,1,1,1
0,8,256,1,18,100,356,984545272,1000507827,1,1,1
0,8,256,1,19,102,358,218826563,995691468,1,1,1
0,8,256,1,20,104,360,171630419,935200680,1,1,1
0,8,256,1,21,106,362,281833391,82776398,1,1,1
0,8,256,1,22,108,364,229581212,788967905,1,1,1
0,8,256,1,23,110,366,191950665,631621607,1,1,1
0,8,256,1,24,112,368,379311679,10994638,1,1,1
0,8,256,1,25,114,370,231206881,17313374,1,1,1
0,8,256,1,26,116,372,288649834,753715737,1,1,1
0,8,256,1,27,118,374,458592377,646594495,1,1,1
0,8,256,1,28,120,376,528439300,585120871,1,1,1
0,8,256,1,29,122,378,467550370,851886287,1,1,1
0,8,256,1,30,124,380,949473874,756458790,1,1,1
0,8,256,1,31,126,382,1066311971,975252468,1,1,1
0,8,256,1,32,192,448,748233433,37992707,1,1,1
0,8,256,1,33,194,450,1016122560,895971445,1,1,1
0,8,256,1,34,196,452,447273737,257823967,1,1,1
0,8,256,1,35,198,454,235637106,456776730,1,1,1
0,8,256,1,36,200,456,317029215,892314695,1,1,1
0,8,256,1,37,202,458,606162122,332715861,1,1,1
0,8,256,1,38,204,460,467509252,865516657,1,1,1
0,8,256,1,39,206,462,537649184,788655650,1,1,1
0,8,256,1,40,208,464,459741641,99222817,1,1,1
0,8,256,1,41,210,466,1007190719,420677157,1,1,1
0,8,256,1,42,212,468,853743350,344872134,1,1,1
0,8,256,1,43,214,470,527188205,350777481,1,1,1
0,8,256,1,44,216,472,743904164,352412435,1,1,1
0,8,256,1,45,218,474,89701194,1049044962,1,1,1
0,8,256,1,46,220,476,275597901,294256884,1,1,1
0,8,256,1,47,222,478,108575979,604496208,1,1,1
0,8,256,1,48,224,480,474130624,361587201,1,1,1
0,8,256,1,49,226,482,206223358,950424869,1,1,1
0,8,256,1,50,228,484,847903535,569518088,1,1,1
0,8,256,1,51,230,486,402440247,104014397,1,1,1
0,8,256,1,52,232,488,1021595250,399787071,1,1,1
0,8,256,1,53,234,490,576444164,605690333,1,1,1
0,8,256,1,54,236,492,677853885,1027540423,1,1,1
0,8,256,1,55,238,494,582929218,717003326,1,1,1
0,8,256,1,56,240,496,274582827,578079006,1,1,1
0,8,256,1,57,242,498,333307578,748152611,1,1,1
0,8,256,1,58,244,500,949879357,685188360,1,1,1
0,8,256,1,59,246,502,605622196,2720947,1,1,1
0,8,256,1,60,248,504,395682580,256012614,1,1,1
0,8,256,1,61,250,506,679951601,172653156,1,1,1
0,8,256,1,62,252,508,632422208,886655516,1,1,1
0,8,256,1,63,254,510,739128805,633042368,1,1,1
0,8,256,2,0,1,257,387049130,261119466,1,1,1
0,8,256,2,1,3,259,1044181966,911342484,1,1,1
0,8,256,2,2,5,261,754587317,773769869,1,1,1
0,8,256,2,3,7,263,470197401,430798803,1,1,1
0,8,256,2,4,9,265,642344479,1003204190,1,1,1
0,8,256,2,5,11,267,290047592,922708511,1,1,1
0,8,256,2,6,13,269,232140538,675169148,1,1,1
0,8,256,2,7,15,271,473577691,759326242,1,1,1
0,8,256,2,8,17,273,601346906,707402973,1,1,1
0,8,256,2,9,19,275,569569967,629952348,1,1,1
0,8,256,2,10,21,277,1063435359,668866215,1,1,1
0,8,256,2,11,23,279,1010800917,896853407,1,1,1
0,8,256,2,12,25,281,754057898,37779410,1,1,1
0,8,256,2,13,27,283,903565468,432695488,1,1,1
0,8,256,2,14,29,285,550287776,950388067,1,1,1
0,8,256,2,15,31,287,1033546797,678619037,1,1,1
0,8,256,2,16,33,289,857085928,974494738,1,1,1
0,8,256,2,17,35,291,22094670,234460888,1,1,1
0,8,256,2,18,37,293,926966534,318268939,1,1,1
0,8,256,2,19,39,295,796711999,232744729,1,1,1
0,8,256,2,20,41,297,400367431,97796171,1,1,1
0,8,256,2,21,43,299,867388620,443370354,1,1,1
0,8,256,2,22,45,301,837399340,883941878,1,1,1
0,8,256,2,23,47,303,168895115,120929536,1,1,1
0,8,256,2,24,49,305,1039528536,1021001773,1,1,1
0,8,256,2,25,51,307,961970295,475050273,1,1,1
0,8,256,2,26,53,309,180193115,637948418,1,1,1
0,8,256,2,27,55,311,862849377,184891112,1,1,1
0,8,256,2,28,57,313,687051942,929693401,1,1,1
0,8,256,2,29,59,315,308338284,166900959,1,1,1
0,8,256,2,30,61,317,564421382,182826986,1,1,1
0,8,256,2,31,63,319,890832652,1021788109,1,1,1
0,8,256,2,32,129,385,897486372,80120362,1,1,1
0,8,256,2,33,131,387,447749019,241353530,1,1,1
0,8,256,2,34,133,389,1011402883,911674907,1,1,1
0,8,256,2,35,135,391,357995642,354165413,1,1,1
0,8,256,2,36,137,393,866421321,406477283,1,1,1
0,8,256,2,37,139,395,705978561,273223569,1,1,1
0,8,256,2,38,141,397,115537598,235749654,1,1,1
0,8,256,2,39,143,399,408280051,687345655,1,1,1
0,8,256,2,40,145,401,593559137,976333489,1,1,1
0,8,256,2,41,147,403,388213601,792905692,1,1,1
0,8,256,2,42,149,405,1016545614,324297663,1,1,1
0,8,256,2,43,151,407,849311954,181248974,1,1,1
0,8,256,2,44,153,409,903910022,632157621,1,1,1
0,8,256,2,45,155,411,553677216,314983892,1,1,1
0,8,256,2,46,157,413,462473722,35281430,1,1,1
0,8,256,2,47,159,415,420015338,144527633,1,1,1
0,8,256,2,48,161,417,563287098,642516283,1,1,1
0,8,256,2,49,163,419,797558737,83243652,1,1,1
0,8,256,2,50,165,421,749008332,853784315,1,1,1
0,8,256,2,51,167,423,887218195,198673260,1,1,1
0,8,256,2,52,169,425,987958779,724401097,1,1,1
0,8,256,2,53,171,427,729824062,469505216,1,1,1
0,8,256,2,54,173,429,304094115,660876184,1,1,1
0,8,256,2,55,175,431,992086157,287045767,1,1,1
0,8,256,2,56,177,433,895939840,136035773,1,1,1
0,8,256,2,57,179,435,157966586,95920508,1,1,1
0,8,256,2,58,181,437,16913392,766943774,1,1,1
0,8,256,2,59,183,439,276923176,447335253,1,1,1
0,8,256,2,60,185,441,132607423,713024045,1,1,1
0,8,256,2,61,187,443,711267742,774302049,1,1,1
0,8,256,2,62,189,445,202278107,928331564,1,1,1
0,8,256,2,63,191,447,482506396,126629315,1,1,1
0,8,256,3,0,65,321,947120702,591243621,1,1,1
0,8,256,3,1,67,323,145418453,871471910,1,1,1
0,8,256,3,2,69,325,299447968,362482275,1,1,1
0,8,256,3,3,71,327,360725972,941142594,1,1,1
0,8,256,3,4,73,329,626414764,796826841,1,1,1
0,8,256,3,5,75,331,306806243,1056836625,1,1,1
0,8,256,3,6,77,333,977829509,915783431,1,1,1
0,8,256,3,7,79,335,937714244,177810177,1,1,1
0,8,256,3,8,81,337,786704250,81663860,1,1,1
0,8,256,3,9,83,339,412873833,769655902,1,1,1
0,8,256,3,10,85,341,604244801,343925955,1,1,1
0,8,256,3,11,87,343,349348920,85791238,1,1,1
0,8,256,3,12,89,345,875076757,186531822,1,1,1
0,8,256,3,13,91,347,219965702,324741685,1,1,1
0,8,256,3,14,93,349,990506365,276191280,1,1,1
0,8,256,3,15,95,351,431233734,510462919,1,1,1
0,8,256,3,16,97,353,929222384,653734679,1,1,1
0,8,256,3,17,99,355,1038468587,611276295,1,1,1
0,8,256,3,18,101,357,758766125,520072801,1,1,1
0,8,256,3,19,103,359,441592396,169839995,1,1,1
0,8,256,3,20,105,361,892501043,224438063,1,1,1
0,8,256,3,21,107,363,749452354,57204403,1,1,1
0,8,256,3,22,109,365,280844325,685536416,1,1,1
0,8,256,3,23,111,367,97416528,480190880,1,1,1
0,8,256,3,24,113,369,386404362,665469966,1,1,1
0,8,256,3,25,115,371,838000363,958212419,1,1,1
0,8,256,3,26,117,373,800526448,367771456,1,1,1
0,8,256,3,27,119,375,667272734,207328696,1,1,1
0,8,256,3,28,121,377,719584604,715754375,1,1,1
0,8,256,3,29,123,379,162075110,62347134,1,1,1
0,8,256,3,30,125,381,832396487,626000998,1,1,1
0,8,256,3,31,127,383,993629655,176263645,1,1,1
0,8,256,3,32,193,449,51961908,182917365,1,1,1
0,8,256,3,33,195,451,890923031,509328635,1,1,1
0,8,256,3,34,197,453,906849058,765411733,1,1,1
0,8,256,3,35,199,455,144056616,386698075,1,1,1
0,8,256,3,36,201,457,888858905,210900640,1,1,1
0,8,256,3,37,203,459,435801599,893556902,1,1,1
0,8,256,3,38,205,461,598699744,111779722,1,1,1
0,8,256,3,39,207,463,52748244,34221481,1,1,1
0,8,256,3,40,209,465,952820481,904854902,1,1,1
0,8,256,3,41,211,467,189808139,236350677,1,1,1
0,8,256,3,42,213,469,630379663,206361397,1,1,1
0,8,256,3,43,215,471,975953846,673382586,1,1,1
0,8,256,3,44,217,473,841005288,277038018,1,1,1
0,8,256,3,45,219,475,755481078,146783483,1,1,1
0,8,256,3,46,221,477,839289129,1051655347,1,1,1
0,8,256,3,47,223,479,99255279,216664089,1,1,1
0,8,256,3,48,225,481,395130980,40203220,1,1,1
0,8,256,3,49,227,483,123361950,523462241,1,1,1
0,8,256,3,50,229,485,641054529,170184549,1,1,1
0,8,256,3,51,231,487,1035970607,319692119,1,1,1
0,8,256,3,52,233,489,176896610,62949100,1,1,1
0,8,256,3,53,235,491,404883802,10314658,1,1,1
0,8,256,3,54,237,493,443797669,504180050,1,1,1
0,8,256,3,55,239,495,366347044,472403111,1,1,1
0,8,256,3,56,241,497,314423775,600172326,1,1,1
0,8,256,3,57,243,499,398580869,841609479,1,1,1
0,8,256,3,58,245,501,151041506,783702425,1,1,1
0,8,256,3,59,247,503,70545827,431405538,1,1,1
0,8,256,3,60,249,505,642951214,603552616,1,1,1
0,8,256,3,61,251,507,299980148,319162700,1,1,1
0,8,256,3,62,253,509,162407533,29568051,1,1,1
0,8,256,3,63,255,511,812630551,686700887,1,1,1
1,7,128,0,0,0,128,1,1,1,1,1
1,7,128,0,1,1,129,440707649,334621212,1,1,1
1,7,128,0,2,2,130,187094501,441327809,1,1,1
1,7,128,0,3,3,131,901096861,393798416,1,1,1
1,7,128,0,4,4,132,817737403,678067437,1,1,1
1,7,128,0,5,5,133,1071029070,468127821,1,1,1
1,7,128,0,6,6,134,388561657,123870660,1,1,1
1,7,128,0,7,7,135,325597406,740442439,1,1,1
1,7,128,0,8,8,136,495671011,799167190,1,1,1
1,7,128,0,9,9,137,356746691,490820799,1,1,1
1,7,128,0,10,10,138,46209594,395896132,1,1,1
1,7,128,0,11,11,139,468059684,497305853,1,1,1
1,7,128,0,12,12,140,673962946,52154767,1,1,1
1,7,128,0,13,13,141,969735620,671309770,1,1,1
1,7,128,0,14,14,142,504231929,225846482,1,1,1
1,7,128,0,15,15,143,123325148,867526659,1,1,1
1,7,128,0,16,16,144,712162816,599619393,1,1,1
1,7,128,0,17,17,145,469253809,965174038,1,1,1
1,7,128,0,18,18,146,779493133,798152116,1,1,1
1,7,128,0,19,19,147,24705055,984048823,1,1,1
1,7,128,0,20,20,148,721337582,329845853,1,1,1
1,7,128,0,21,21,149,722972536,546561812,1,1,1
1,7,128,0,22,22,150,728877883,220006667,1,1,1
1,7,128,0,23,23,151,653072860,66559298,1,1,1
1,7,128,0,24,24,152,974527200,614008376,1,1,1
1,7,128,0,25,25,153,285094367,536100833,1,1,1
1,7,128,0,26,26,154,208233360,606240765,1,1,1
1,7,128,0,27,27,155,741034156,467587895,1,1,1
1,7,128,0,28,28,156,181435322,756720802,1,1,1
1,7,128,0,29,29,157,616973287,838112911,1,1,1
1,7,128,0,30,30,158,815926050,626476280,1,1,1
1,7,128,0,31,31,159,177778572,57627457,1,1,1
1,7,128,0,32,32,160,1035757310,325516584,1,1,1
1,7,128,0,33,33,161,2726122,174643572,1,1,1
1,7,128,0,34,34,162,702235827,976664795,1,1,1
1,7,128,0,35,35,163,439679952,266413348,1,1,1
1,7,128,0,36,36,164,458010850,188071293,1,1,1
1,7,128,0,37,37,165,859246854,889694668,1,1,1
1,7,128,0,38,38,166,905389919,611383637,1,1,1
1,7,128,0,39,39,167,278483467,344642621,1,1,1
1,7,128,0,40,40,168,652586448,402513650,1,1,1
1,7,128,0,41,41,169,12705709,1017089096,1,1,1
1,7,128,0,42,42,170,957364790,1027124512,1,1,1
1,7,128,0,43,43,171,638820028,35052615,1,1,1
1,7,128,0,44,44,172,190413549,758116089,1,1,1
1,7,128,0,45,45,173,822686542,113998730,1,1,1
1,7,128,0,46,46,174,1042260943,52613218,1,1,1
1,7,128,0,47,47,175,162986210,361893575,1,1,1
1,7,128,0,48,48,176,752543237,685507031,1,1,1
1,7,128,0,49,49,177,683291937,1038531946,1,1,1
1,7,128,0,50,50,178,984545272,1000507827,1,1,1
1,7,128,0,51,51,179,218826563,995691468,1,1,1
1,7,128,0,52,52,180,171630419,935200680,1,1,1
1,7,128,0,53,53,181,281833391,82776398,1,1,1
1,7,128,0,54,54,182,229581212,788967905,1,1,1
1,7,128,0,55,55,183,191950665,631621607,1,1,1
1,7,128,0,56,56,184,379311679,10994638,1,1,1
1,7,128,0,57,57,185,231206881,17313374,1,1,1
1,7,128,0,58,58,186,288649834,753715737,1,1,1
1,7,128,0,59,59,187,458592377,646594495,1,1,1
1,7,128,0,60,60,188,528439300,585120871,1,1,1
1,7,128,0,61,61,189,467550370,851886287,1,1,1
1,7,128,0,62,62,190,949473874,756458790,1,1,1
1,7,128,0,63,63,191,1066311971,975252468,1,1,1
1,7,128,1,0,64,192,416084698,657665319,1,1,1
1,7,128,1,1,65,193,98497549,7438046,1,1,1
1,7,128,1,2,66,194,317291227,124276143,1,1,1
1,7,128,1,3,67,195,221863730,606199647,1,1,1
1,7,128,1,4,68,196,488629146,545310717,1,1,1
1,7,128,1,5,69,197,427155522,615157640,1,1,1
1,7,128,1,6,70,198,320034280,785100183,1,1,1
1,7,128,1,7,71,199,1056436643,842543136,1,1,1
1,7,128,1,8,72,200,1062755379,694438338,1,1,1
1,7,128,1,9,73,201,442128410,881799352,1,1,1
1,7,128,1,10,74,202,284782112,844168805,1,1,1
1,7,128,1,11,75,203,990973619,791916626,1,1,1
1,7,128,1,12,76,204,138549337,902119598,1,1,1
1,7,128,1,13,77,205,78058549,854923454,1,1,1
1,7,128,1,14,78,206,73242190,89204745,1,1,1
1,7,128,1,15,79,207,35218071,390458080,1,1,1
1,7,128,1,16,80,208,388242986,321206780,1,1,1
1,7,128,1,17,81,209,711856442,910763807,1,1,1
1,7,128,1,18,82,210,1021136799,31489074,1,1,1
1,7,128,1,19,83,211,959751287,251063475,1,1,1
1,7,128,1,20,84,212,315633928,883336468,1,1,1
1,7,128,1,21,85,213,1038697402,434929989,1,1,1
1,7,128,1,22,86,214,46625505,116385227,1,1,1
1,7,128,1,23,87,215,56660921,1061044308,1,1,1
1,7,128,1,24,88,216,671236367,421163569,1,1,1
1,7,128,1,25,89,217,729107396,795266550,1,1,1
1,7,128,1,26,90,218,462366380,168360098,1,1,1
1,7,128,1,27,91,219,184055349,214503163,1,1,1
1,7,128,1,28,92,220,885678724,615739167,1,1,1
1,7,128,1,29,93,221,807336669,634070065,1,1,1
1,7,128,1,30,94,222,97085222,371514190,1,1,1
1,7,128,1,31,95,223,899106445,1071023895,1,1,1
1,7,128,1,32,96,224,748233433,37992707,1,1,1
1,7,128,1,33,97,225,1016122560,895971445,1,1,1
1,7,128,1,34,98,226,447273737,257823967,1,1,1
1,7,128,1,35,99,227,235637106,456776730,1,1,1
1,7,128,1,36,100,228,317029215,892314695,1,1,1
1,7,128,1,37,101,229,606162122,332715861,1,1,1
1,7,128,1,38,102,230,467509252,865516657,1,1,1
1,7,128,1,39,103,231,537649184,788655650,1,1,1
1,7,128,1,40,104,232,459741641,99222817,1,1,1
1,7,128,1,41,105,233,1007190719,420677157,1,1,1
1,7,128,1,42,106,234,853743350,344872134,1,1,1
1,7,128,1,43,107,235,527188205,350777481,1,1,1
1,7,128,1,44,108,236,743904164,352412435,1,1,1
1,7,128,1,45,109,237,89701194,1049044962,1,1,1
1,7,128,1,46,110,238,275597901,294256884,1,1,1
1,7,128,1,47,111,239,108575979,604496208,1,1,1
1,7,128,1,48,112,240,474130624,361587201,1,1,1
1,7,128,1,49,113,241,206223358,950424869,1,1,1
1,7,128,1,50,114,242,847903535,569518088,1,1,1
1,7,128,1,51,115,243,402440247,104014397,1,1,1
1,7,128,1,52,116,244,1021595250,399787071,1,1,1
1,7,128,1,53,117,245,576444164,605690333,1,1,1
1,7,128,1,54,118,246,677853885,1027540423,1,1,1
1,7,128,1,55,119,247,582929218,717003326,1,1,1
1,7,128,1,56,120,248,274582827,578079006,1,1,1
1,7,128,1,57,121,249,333307578,748152611,1,1,1
1,7,128,1,58,122,250,949879357,685188360,1,1,1
1,7,128,1,59,123,251,605622196,2720947,1,1,1
1,7,128,1,60,124,252,395682580,256012614,1,1,1
1,7,128,1,61,125,253,679951601,172653156,1,1,1
1,7,128,1,62,126,254,632422208,886655516,1,1,1
1,7,128,1,63,127,255,739128805,633042368,1,1,1
1,7,128,2,0,256,384,1,1,657665319,1,416084698
1,7,128,2,1,257,385,440707649,334621212,657665319,387049130,897486372
1,7,128,2,2,258,386,187094501,441327809,657665319,440707649,98497549
1,7,128,2,3,259,387,901096861,393798416,657665319,1044181966,447749019
1,7,128,2,4,260,388,817737403,678067437,657665319,187094501,317291227
1,7,128,2,5,261,389,1071029070,468127821,657665319,754587317,1011402883
1,7,128,2,6,262,390,388561657,123870660,657665319,901096861,221863730
1,7,128,2,7,263,391,325597406,740442439,657665319,470197401,357995642
1,7,128,2,8,264,392,495671011,799167190,657665319,817737403,488629146
1,7,128,2,9,265,393,356746691,490820799,657665319,642344479,866421321
1,7,128,2,10,266,394,46209594,395896132,657665319,1071029070,427155522
1,7,128,2,11,267,395,468059684,497305853,657665319,290047592,705978561
1,7,128,2,12,268,396,673962946,52154767,657665319,388561657,320034280
1,7,128,2,13,269,397,969735620,671309770,657665319,232140538,115537598
1,7,128,2,14,270,398,504231929,225846482,657665319,325597406,1056436643
1,7,128,2,15,271,399,123325148,867526659,657665319,473577691,408280051
1,7,128,2,16,272,400,712162816,599619393,657665319,495671011,1062755379
1,7,128,2,17,273,401,469253809,965174038,657665319,601346906,593559137
1,7,128,2,18,274,402,779493133,798152116,657665319,356746691,442128410
1,7,128,2,19,275,403,24705055,984048823,657665319,569569967,388213601
1,7,128,2,20,276,404,721337582,329845853,657665319,46209594,284782112
1,7,128,2,21,277,405,722972536,546561812,657665319,1063435359,1016545614
1,7,128,2,22,278,406,728877883,220006667,657665319,468059684,990973619
1,7,128,2,23,279,407,653072860,66559298,657665319,1010800917,849311954
1,7,128,2,24,280,408,974527200,614008376,657665319,673962946,138549337
1,7,128,2,25,281,409,285094367,536100833,657665319,754057898,903910022
1,7,128,2,26,282,410,208233360,606240765,657665319,969735620,78058549
1,7,128,2,27,283,411,741034156,467587895,657665319,903565468,553677216
1,7,128,2,28,284,412,181435322,756720802,657665319,504231929,73242190
1,7,128,2,29,285,413,616973287,838112911,657665319,550287776,462473722
1,7,128,2,30,286,414,815926050,626476280,657665319,123325148,35218071
1,7,128,2,31,287,415,177778572,57627457,657665319,1033546797,420015338
1,7,128,2,32,288,416,1035757310,325516584,657665319,712162816,388242986
1,7,128,2,33,289,417,2726122,174643572,657665319,857085928,563287098
1,7,128,2,34,290,418,702235827,976664795,657665319,469253809,711856442
1,7,128,2,35,291,419,439679952,266413348,657665319,22094670,797558737
1,7,128,2,36,292,420,458010850,188071293,657665319,779493133,1021136799
1,7,128,2,37,293,421,859246854,889694668,657665319,926966534,749008332
1,7,128,2,38,294,422,905389919,611383637,657665319,24705055,959751287
1,7,128,2,39,295,423,278483467,344642621,657665319,796711999,887218195
1,7,128,2,40,296,424,652586448,402513650,657665319,721337582,315633928
1,7,128,2,41,297,425,12705709,1017089096,657665319,400367431,987958779
1,7,128,2,42,298,426,957364790,1027124512,657665319,722972536,1038697402
1,7,128,2,43,299,427,638820028,35052615,657665319,867388620,729824062
1,7,128,2,44,300,428,190413549,758116089,657665319,728877883,46625505
1,7,128,2,45,301,429,822686542,113998730,657665319,837399340,304094115
1,7,128,2,46,302,430,1042260943,52613218,657665319,653072860,56660921
1,7,128,2,47,303,431,162986210,361893575,657665319,168895115,992086157
1,7,128,2,48,304,432,752543237,685507031,657665319,974527200,671236367
1,7,128,2,49,305,433,683291937,1038531946,657665319,1039528536,895939840
1,7,128,2,50,306,434,984545272,1000507827,657665319,285094367,729107396
1,7,128,2,51,307,435,218826563,995691468,657665319,961970295,157966586
1,7,128,2,52,308,436,171630419,935200680,657665319,208233360,462366380
1,7,128,2,53,309,437,281833391,82776398,657665319,180193115,16913392
1,7,128,2,54,310,438,229581212,788967905,657665319,741034156,184055349
1,7,128,2,55,311,439,191950665,631621607,657665319,862849377,276923176
1,7,128,2,56,312,440,379311679,10994638,657665319,181435322,885678724
1,7,128,2,57,313,441,231206881,17313374,657665319,687051942,132607423
1,7,128,2,58,314,442,288649834,753715737,657665319,616973287,807336669
1,7,128,2,59,315,443,458592377,646594495,657665319,308338284,711267742
1,7,128,2,60,316,444,528439300,585120871,657665319,815926050,97085222
1,7,128,2,61,317,445,467550370,851886287,657665319,564421382,202278107
1,7,128,2,62,318,446,949473874,756458790,657665319,177778572,899106445
1,7,128,2,63,319,447,1066311971,975252468,657665319,890832652,482506396
1,7,128,3,0,320,448,416084698,657665319,657665319,1035757310,748233433
1,7,128,3,1,321,449,98497549,7438046,657665319,947120702,51961908
1,7,128,3,2,322,450,317291227,124276143,657665319,2726122,1016122560
1,7,128,3,3,323,451,221863730,606199647,657665319,145418453,890923031
1,7,128,3,4,324,452,488629146,545310717,657665319,702235827,447273737
1,7,128,3,5,325,453,427155522,615157640,657665319,299447968,906849058
1,7,128,3,6,326,454,320034280,785100183,657665319,439679952,235637106
1,7,128,3,7,327,455,1056436643,842543136,657665319,360725972,144056616
1,7,128,3,8,328,456,1062755379,694438338,657665319,458010850,317029215
1,7,128,3,9,329,457,442128410,881799352,657665319,626414764,888858905
1,7,128,3,10,330,458,284782112,844168805,657665319,859246854,606162122
1,7,128,3,11,331,459,990973619,791916626,657665319,306806243,435801599
1,7,128,3,12,332,460,138549337,902119598,657665319,905389919,467509252
1,7,128,3,13,333,461,78058549,854923454,657665319,977829509,598699744
1,7,128,3,14,334,462,73242190,89204745,657665319,278483467,537649184
1,7,128,3,15,335,463,35218071,390458080,657665319,937714244,52748244
1,7,128,3,16,336,464,388242986,321206780,657665319,652586448,459741641
1,7,128,3,17,337,465,711856442,910763807,657665319,786704250,952820481
1,7,128,3,18,338,466,1021136799,31489074,657665319,12705709,1007190719
1,7,128,3,19,339,467,959751287,251063475,657665319,412873833,189808139
1,7,128,3,20,340,468,315633928,883336468,657665319,957364790,853743350
1,7,128,3,21,341,469,1038697402,434929989,657665319,604244801,630379663
1,7,128,3,22,342,470,46625505,116385227,657665319,638820028,527188205
1,7,128,3,23,343,471,56660921,1061044308,657665319,349348920,975953846
1,7,128,3,24,344,472,671236367,421163569,657665319,190413549,743904164
1,7,128,3,25,345,473,729107396,795266550,657665319,875076757,841005288
1,7,128,3,26,346,474,462366380,168360098,657665319,822686542,89701194
1,7,128,3,27,347,475,184055349,214503163,657665319,219965702,755481078
1,7,128,3,28,348,476,885678724,615739167,657665319,1042260943,275597901
1,7,128,3,29,349,477,807336669,634070065,657665319,990506365,839289129
1,7,128,3,30,350,478,97085222,371514190,657665319,162986210,108575979
1,7,128,3,31,351,479,899106445,1071023895,657665319,431233734,99255279
1,7,128,3,32,352,480,748233433,37992707,657665319,752543237,474130624
1,7,128,3,33,353,481,1016122560,895971445,657665319,929222384,395130980
1,7,128,3,34,354,482,447273737,257823967,657665319,683291937,206223358
1,7,128,3,35,355,483,235637106,456776730,657665319,1038468587,123361950
1,7,128,3,36,356,484,317029215,892314695,657665319,984545272,847903535
1,7,128,3,37,357,485,606162122,332715861,657665319,758766125,641054529
1,7,128,3,38,358,486,467509252,865516657,657665319,218826563,402440247
1,7,128,3,39,359,487,537649184,788655650,657665319,441592396,1035970607
1,7,128,3,40,360,488,459741641,99222817,657665319,171630419,1021595250
1,7,128,3,41,361,489,1007190719,420677157,657665319,892501043,176896610
1,7,128,3,42,362,490,853743350,344872134,657665319,281833391,576444164
1,7,128,3,43,363,491,527188205,350777481,657665319,749452354,404883802
1,7,128,3,44,364,492,743904164,352412435,657665319,229581212,677853885
1,7,128,3,45,365,493,89701194,1049044962,657665319,280844325,443797669
1,7,128,3,46,366,494,275597901,294256884,657665319,191950665,582929218
1,7,128,3,47,367,495,108575979,604496208,657665319,97416528,366347044
1,7,128,3,48,368,496,474130624,361587201,657665319,379311679,274582827
1,7,128,3,49,369,497,206223358,950424869,657665319,386404362,314423775
1,7,128,3,50,370,498,847903535,569518088,657665319,231206881,333307578
1,7,128,3,51,371,499,402440247,104014397,657665319,838000363,398580869
1,7,128,3,52,372,500,1021595250,399787071,657665319,288649834,949879357
1,7,128,3,53,373,501,576444164,605690333,657665319,800526448,151041506
1,7,128,3,54,374,502,677853885,1027540423,657665319,458592377,605622196
1,7,128,3,55,375,503,582929218,717003326,657665319,667272734,70545827
1,7,128,3,56,376,504,274582827,578079006,657665319,528439300,395682580
1,7,128,3,57,377,505,333307578,748152611,657665319,719584604,642951214
1,7,128,3,58,378,506,949879357,685188360,657665319,467550370,679951601
1,7,128,3,59,379,507,605622196,2720947,657665319,162075110,299980148
1,7,128,3,60,380,508,395682580,256012614,657665319,949473874,632422208
1,7,128,3,61,381,509,679951601,172653156,657665319,832396487,162407533
1,7,128,3,62,382,510,632422208,886655516,657665319,1066311971,739128805
1,7,128,3,63,383,511,739128805,633042368,657665319,993629655,812630551
2,6,64,0,0,0,64,1,1,1,1,1
2,6,64,0,1,1,65,187094501,441327809,1,1,1
2,6,64,0,2,2,66,817737403,678067437,1,1,1
2,6,64,0,3,3,67,388561657,123870660,1,1,1
2,6,64,0,4,4,68,495671011,799167190,1,1,1
2,6,64,0,5,5,69,46209594,395896132,1,1,1
2,6,64,0,6,6,70,673962946,52154767,1,1,1
2,6,64,0,7,7,71,504231929,225846482,1,1,1
2,6,64,0,8,8,72,712162816,599619393,1,1,1
2,6,64,0,9,9,73,779493133,798152116,1,1,1
2,6,64,0,10,10,74,721337582,329845853,1,1,1
2,6,64,0,11,11,75,728877883,220006667,1,1,1
2,6,64,0,12,12,76,974527200,614008376,1,1,1
2,6,64,0,13,13,77,208233360,606240765,1,1,1
2,6,64,0,14,14,78,181435322,756720802,1,1,1
2,6,64,0,15,15,79,815926050,626476280,1,1,1
2,6,64,0,16,16,80,1035757310,325516584,1,1,1
2,6,64,0,17,17,81,702235827,976664795,1,1,1
2,6,64,0,18,18,82,458010850,188071293,1,1,1
2,6,64,0,19,19,83,905389919,611383637,1,1,1
2,6,64,0,20,20,84,652586448,402513650,1,1,1
2,6,64,0,21,21,85,957364790,1027124512,1,1,1
2,6,64,0,22,22,86,190413549,758116089,1,1,1
2,6,64,0,23,23,87,1042260943,52613218,1,1,1
2,6,64,0,24,24,88,752543237,685507031,1,1,1
2,6,64,0,25,25,89,984545272,1000507827,1,1,1
2,6,64,0,26,26,90,171630419,935200680,1,1,1
2,6,64,0,27,27,91,229581212,788967905,1,1,1
2,6,64,0,28,28,92,379311679,10994638,1,1,1
2,6,64,0,29,29,93,288649834,753715737,1,1,1
2,6,64,0,30,30,94,528439300,585120871,1,1,1
2,6,64,0,31,31,95,949473874,756458790,1,1,1
2,6,64,0,32,32,96,416084698,657665319,1,1,1
2,6,64,0,33,33,97,317291227,124276143,1,1,1
2,6,64,0,34,34,98,488629146,545310717,1,1,1
2,6,64,0,35,35,99,320034280,785100183,1,1,1
2,6,64,0,36,36,100,1062755379,694438338,1,1,1
2,6,64,0,37,37,101,284782112,844168805,1,1,1
2,6,64,0,38,38,102,138549337,902119598,1,1,1
2,6,64,0,39,39,103,73242190,89204745,1,1,1
2,6,64,0,40,40,104,388242986,321206780,1,1,1
2,6,64,0,41,41,105,1021136799,31489074,1,1,1
2,6,64,0,42,42,106,315633928,883336468,1,1,1
2,6,64,0,43,43,107,46625505,116385227,1,1,1
2,6,64,0,44,44,108,671236367,421163569,1,1,1
2,6,64,0,45,45,109,462366380,168360098,1,1,1
2,6,64,0,46,46,110,885678724,615739167,1,1,1
2,6,64,0,47,47,111,97085222,371514190,1,1,1
2,6,64,0,48,48,112,748233433,37992707,1,1,1
2,6,64,0,49,49,113,447273737,257823967,1,1,1
2,6,64,0,50,50,114,317029215,892314695,1,1,1
2,6,64,0,51,51,115,467509252,865516657,1,1,1
2,6,64,0,52,52,116,459741641,99222817,1,1,1
2,6,64,0,53,53,117,853743350,344872134,1,1,1
2,6,64,0,54,54,118,743904164,352412435,1,1,1
2,6,64,0,55,55,119,275597901,294256884,1,1,1
2,6,64,0,56,56,120,474130624,361587201,1,1,1
2,6,64,0,57,57,121,847903535,569518088,1,1,1
2,6,64,0,58,58,122,1021595250,399787071,1,1,1
2,6,64,0,59,59,123,677853885,1027540423,1,1,1
2,6,64,0,60,60,124,274582827,578079006,1,1,1
2,6,64,0,61,61,125,949879357,685188360,1,1,1
2,6,64,0,62,62,126,395682580,256012614,1,1,1
2,6,64,0,63,63,127,632422208,886655516,1,1,1
2,6,64,1,0,128,192,1,1,657665319,1,416084698
2,6,64,1,1,129,193,187094501,441327809,657665319,440707649,98497549
2,6,64,1,2,130,194,817737403,678067437,657665319,187094501,317291227
2,6,64,1,3,131,195,388561657,123870660,657665319,901096861,221863730
2,6,64,1,4,132,196,495671011,799167190,657665319,817737403,488629146
2,6,64,1,5,133,197,46209594,395896132,657665319,1071029070,427155522
2,6,64,1,6,134,198,673962946,52154767,657665319,388561657,320034280
2,6,64,1,7,135,199,504231929,225846482,657665319,325597406,1056436643
2,6,64,1,8,136,200,712162816,599619393,657665319,495671011,1062755379
2,6,64,1,9,137,201,779493133,798152116,657665319,356746691,442128410
2,6,64,1,10,138,202,721337582,329845853,657665319,46209594,284782112
2,6,64,1,11,139,203,728877883,220006667,657665319,468059684,990973619
2,6,64,1,12,140,204,974527200,614008376,657665319,673962946,138549337
2,6,64,1,13,141,205,208233360,606240765,657665319,969735620,78058549
2,6,64,1,14,142,206,181435322,756720802,657665319,504231929,73242190
2,6,64,1,15,143,207,815926050,626476280,657665319,123325148,35218071
2,6,64,1,16,144,208,1035757310,325516584,657665319,712162816,388242986
2,6,64,1,17,145,209,702235827,976664795,657665319,469253809,711856442
2,6,64,1,18,146,210,458010850,188071293,657665319,779493133,1021136799
2,6,64,1,19,147,211,905389919,611383637,657665319,24705055,959751287
2,6,64,1,20,148,212,652586448,402513650,657665319,721337582,315633928
2,6,64,1,21,149,213,957364790,1027124512,657665319,722972536,1038697402
2,6,64,1,22,150,214,190413549,758116089,657665319,728877883,46625505
2,6,64,1,23,151,215,1042260943,52613218,657665319,653072860,56660921
2,6,64,1,24,152,216,752543237,685507031,657665319,974527200,671236367
2,6,64,1,25,153,217,984545272,1000507827,657665319,285094367,729107396
2,6,64,1,26,154,218,171630419,935200680,657665319,208233360,462366380
2,6,64,1,27,155,219,229581212,788967905,657665319,741034156,184055349
2,6,64,1,28,156,220,379311679,10994638,657665319,181435322,885678724
2,6,64,1,29,157,221,288649834,753715737,657665319,616973287,807336669
2,6,64,1,30,158,222,528439300,585120871,657665319,815926050,97085222
2,6,64,1,31,159,223,949473874,756458790,657665319,177778572,899106445
2,6,64,1,32,160,224,416084698,657665319,657665319,1035757310,748233433
2,6,64,1,33,161,225,317291227,124276143,657665319,2726122,1016122560
2,6,64,1,34,162,226,488629146,545310717,657665319,702235827,447273737
2,6,64,1,35,163,227,320034280,785100183,657665319,439679952,235637106
2,6,64,1,36,164,228,1062755379,694438338,657665319,458010850,317029215
2,6,64,1,37,165,229,284782112,844168805,657665319,859246854,606162122
2,6,64,1,38,166,230,138549337,902119598,657665319,905389919,467509252
2,6,64,1,39,167,231,73242190,89204745,657665319,278483467,537649184
2,6,64,1,40,168,232,388242986,321206780,657665319,652586448,459741641
2,6,64,1,41,169,233,1021136799,31489074,657665319,12705709,1007190719
2,6,64,1,42,170,234,315633928,883336468,657665319,957364790,853743350
2,6,64,1,43,171,235,46625505,116385227,657665319,638820028,527188205
2,6,64,1,44,172,236,671236367,421163569,657665319,190413549,743904164
2,6,64,1,45,173,237,462366380,168360098,657665319,822686542,89701194
2,6,64,1,46,174,238,885678724,615739167,657665319,1042260943,275597901
2,6,64,1,47,175,239,97085222,371514190,657665319,162986210,108575979
2,6,64,1,48,176,240,748233433,37992707,657665319,752543237,474130624
2,6,64,1,49,177,241,447273737,257823967,657665319,683291937,206223358
2,6,64,1,50,178,242,317029215,892314695,657665319,984545272,847903535
2,6,64,1,51,179,243,467509252,865516657,657665319,218826563,402440247
2,6,64,1,52,180,244,459741641,99222817,657665319,171630419,1021595250
2,6,64,1,53,181,245,853743350,344872134,657665319,281833391,576444164
2,6,64,1,54,182,246,743904164,352412435,657665319,229581212,677853885
2,6,64,1,55,183,247,275597901,294256884,657665319,191950665,582929218
2,6,64,1,56,184,248,474130624,361587201,657665319,379311679,274582827
2,6,64,1,57,185,249,847903535,569518088,657665319,231206881,333307578
2,6,64,1,58,186,250,1021595250,399787071,657665319,288649834,949879357
2,6,64,1,59,187,251,677853885,1027540423,657665319,458592377,605622196
2,6,64,1,60,188,252,274582827,578079006,657665319,528439300,395682580
2,6,64,1,61,189,253,949879357,685188360,657665319,467550370,679951601
2,6,64,1,62,190,254,395682580,256012614,657665319,949473874,632422208
2,6,64,1,63,191,255,632422208,886655516,657665319,1066311971,739128805
2,6,64,2,0,256,320,1,1,325516584,1,1035757310
2,6,64,2,1,257,321,187094501,441327809,325516584,387049130,947120702
2,6,64,2,2,258,322,817737403,678067437,325516584,440707649,2726122
2,6,64,2,3,259,323,388561657,123870660,325516584,1044181966,145418453
2,6,64,2,4,260,324,495671011,799167190,325516584,187094501,702235827
2,6,64,2,5,261,325,46209594,395896132,325516584,754587317,299447968
2,6,64,2,6,262,326,673962946,52154767,325516584,901096861,439679952
2,6,64,2,7,263,327,504231929,225846482,325516584,470197401,360725972
2,6,64,2,8,264,328,712162816,599619393,325516584,817737403,458010850
2,6,64,2,9,265,329,779493133,798152116,325516584,642344479,626414764
2,6,64,2,10,266,330,721337582,329845853,325516584,1071029070,859246854
2,6,64,2,11,267,331,728877883,220006667,325516584,290047592,306806243
2,6,64,2,12,268,332,974527200,614008376,325516584,388561657,905389919
2,6,64,2,13,269,333,208233360,606240765,325516584,232140538,977829509
2,6,64,2,14,270,334,181435322,756720802,325516584,325597406,278483467
2,6,64,2,15,271,335,815926050,626476280,325516584,473577691,937714244
2,6,64,2,16,272,336,1035757310,325516584,325516584,495671011,652586448
2,6,64,2,17,273,337,702235827,976664795,325516584,601346906,786704250
2,6,64,2,18,274,338,458010850,188071293,325516584,356746691,12705709
2,6,64,2,19,275,339,905389919,611383637,325516584,569569967,412873833
2,6,64,2,20,276,340,652586448,402513650,325516584,46209594,957364790
2,6,64,2,21,277,341,957364790,1027124512,325516584,1063435359,604244801
2,6,64,2,22,278,342,190413549,758116089,325516584,468059684,638820028
2,6,64,2,23,279,343,1042260943,52613218,325516584,1010800917,349348920
2,6,64,2,24,280,344,752543237,685507031,325516584,673962946,190413549
2,6,64,2,25,281,345,984545272,1000507827,325516584,754057898,875076757
2,6,64,2,26,282,346,171630419,935200680,325516584,969735620,822686542
2,6,64,2,27,283,347,229581212,788967905,325516584,903565468,219965702
2,6,64,2,28,284,348,379311679,10994638,325516584,504231929,1042260943
2,6,64,2,29,285,349,288649834,753715737,325516584,550287776,990506365
2,6,64,2,30,286,350,528439300,585120871,325516584,123325148,162986210
2,6,64,2,31,287,351,949473874,756458790,325516584,1033546797,431233734
2,6,64,2,32,288,352,416084698,657665319,325516584,712162816,752543237
2,6,64,2,33,289,353,317291227,124276143,325516584,857085928,929222384
2,6,64,2,34,290,354,488629146,545310717,325516584,469253809,683291937
2,6,64,2,35,291,355,320034280,785100183,325516584,22094670,1038468587
2,6,64,2,36,292,356,1062755379,694438338,325516584,779493133,984545272
2,6,64,2,37,293,357,284782112,844168805,325516584,926966534,758766125
2,6,64,2,38,294,358,138549337,902119598,325516584,24705055,218826563
2,6,64,2,39,295,359,73242190,89204745,325516584,796711999,441592396
2,6,64,2,40,296,360,388242986,321206780,325516584,721337582,171630419
2,6,64,2,41,297,361,1021136799,31489074,325516584,400367431,892501043
2,6,64,2,42,298,362,315633928,883336468,325516584,722972536,281833391
2,6,64,2,43,299,363,46625505,116385227,325516584,867388620,749452354
2,6,64,2,44,300,364,671236367,421163569,325516584,728877883,229581212
2,6,64,2,45,301,365,462366380,168360098,325516584,837399340,280844325
2,6,64,2,46,302,366,885678724,615739167,325516584,653072860,191950665
2,6,64,2,47,303,367,97085222,371514190,325516584,168895115,97416528
2,6,64,2,48,304,368,748233433,37992707,325516584,974527200,379311679
2,6,64,2,49,305,369,447273737,257823967,325516584,1039528536,386404362
2,6,64,2,50,306,370,317029215,892314695,325516584,285094367,231206881
2,6,64,2,51,307,371,467509252,865516657,325516584,961970295,838000363
2,6,64,2,52,308,372,459741641,99222817,325516584,208233360,288649834
2,6,64,2,53,309,373,853743350,344872134,325516584,180193115,800526448
2,6,64,2,54,310,374,743904164,352412435,325516584,741034156,458592377
2,6,64,2,55,311,375,275597901,294256884,325516584,862849377,667272734
2,6,64,2,56,312,376,474130624,361587201,325516584,181435322,528439300
2,6,64,2,57,313,377,847903535,569518088,325516584,687051942,719584604
2,6,64,2,58,314,378,1021595250,399787071,325516584,616973287,467550370
2,6,64,2,59,315,379,677853885,1027540423,325516584,308338284,162075110
2,6,64,2,60,316,380,274582827,578079006,325516584,815926050,949473874
2,6,64,2,61,317,381,949879357,685188360,325516584,564421382,832396487
2,6,64,2,62,318,382,395682580,256012614,325516584,177778572,1066311971
2,6,64,2,63,319,383,632422208,886655516,325516584,890832652,993629655
2,6,64,3,0,384,448,1,1,37992707,1,748233433
2,6,64,3,1,385,449,187094501,441327809,37992707,1044181966,890923031
2,6,64,3,2,386,450,817737403,678067437,37992707,901096861,235637106
2,6,64,3,3,387,451,388561657,123870660,37992707,642344479,888858905
2,6,64,3,4,388,452,495671011,799167190,37992707,388561657,467509252
2,6,64,3,5,389,453,46209594,395896132,37992707,473577691,52748244
2,6,64,3,6,390,454,673962946,52154767,37992707,356746691,1007190719
2,6,64,3,7,391,455,504231929,225846482,37992707,1063435359,630379663
2,6,64,3,8,392,456,712162816,599619393,37992707,673962946,743904164
2,6,64,3,9,393,457,779493133,798152116,37992707,903565468,755481078
2,6,64,3,10,394,458,721337582,329845853,37992707,123325148,108575979
2,6,64,3,11,395,459,728877883,220006667,37992707,857085928,395130980
2,6,64,3,12,396,460,974527200,614008376,37992707,779493133,847903535
2,6,64,3,13,397,461,208233360,606240765,37992707,796711999,1035970607
2,6,64,3,14,398,462,181435322,756720802,37992707,722972536,576444164
2,6,64,3,15,399,463,815926050,626476280,37992707,837399340,443797669
2,6,64,3,16,400,464,1035757310,325516584,37992707,974527200,274582827
2,6,64,3,17,401,465,702235827,976664795,37992707,961970295,398580869
2,6,64,3,18,402,466,458010850,188071293,37992707,741034156,605622196
2,6,64,3,19,403,467,905389919,611383637,37992707,687051942,642951214
2,6,64,3,20,404,468,652586448,402513650,37992707,815926050,632422208
2,6,64,3,21,405,469,957364790,1027124512,37992707,890832652,812630551
2,6,64,3,22,406,470,190413549,758116089,37992707,2726122,633042368
2,6,64,3,23,407,471,1042260943,52613218,37992707,299447968,319162700
2,6,64,3,24,408,472,752543237,685507031,37992707,458010850,256012614
2,6,64,3,25,409,473,984545272,1000507827,37992707,306806243,783702425
2,6,64,3,26,410,474,171630419,935200680,37992707,278483467,748152611
2,6,64,3,27,411,475,229581212,788967905,37992707,786704250,472403111
2,6,64,3,28,412,476,379311679,10994638,37992707,957364790,1027540423
2,6,64,3,29,413,477,288649834,753715737,37992707,349348920,62949100
2,6,64,3,30,414,478,528439300,585120871,37992707,822686542,104014397
2,6,64,3,31,415,479,949473874,756458790,37992707,990506365,523462241
2,6,64,3,32,416,480,416084698,657665319,37992707,752543237,361587201
2,6,64,3,33,417,481,317291227,124276143,37992707,1038468587,1051655347
2,6,64,3,34,418,482,488629146,545310717,37992707,218826563,1049044962
2,6,64,3,35,419,483,320034280,785100183,37992707,892501043,673382586
2,6,64,3,36,420,484,1062755379,694438338,37992707,229581212,344872134
2,6,64,3,37,421,485,284782112,844168805,37992707,97416528,904854902
2,6,64,3,38,422,486,138549337,902119598,37992707,231206881,788655650
2,6,64,3,39,423,487,73242190,89204745,37992707,800526448,893556902
2,6,64,3,40,424,488,388242986,321206780,37992707,528439300,892314695
2,6,64,3,41,425,489,1021136799,31489074,37992707,162075110,765411733
2,6,64,3,42,426,490,315633928,883336468,37992707,1066311971,895971445
2,6,64,3,43,427,491,46625505,116385227,37992707,897486372,126629315
2,6,64,3,44,428,492,671236367,421163569,37992707,317291227,371514190
2,6,64,3,45,429,493,462366380,168360098,37992707,357995642,713024045
2,6,64,3,46,430,494,885678724,615739167,37992707,427155522,214503163
2,6,64,3,47,431,495,97085222,371514190,37992707,115537598,95920508
2,6,64,3,48,432,496,748233433,37992707,37992707,1062755379,421163569
2,6,64,3,49,433,497,447273737,257823967,37992707,388213601,660876184
2,6,64,3,50,434,498,317029215,892314695,37992707,990973619,434929989
2,6,64,3,51,435,499,467509252,865516657,37992707,903910022,198673260
2,6,64,3,52,436,500,459741641,99222817,37992707,73242190,31489074
2,6,64,3,53,437,501,853743350,344872134,37992707,420015338,642516283
2,6,64,3,54,438,502,743904164,352412435,37992707,711856442,390458080
2,6,64,3,55,439,503,275597901,294256884,37992707,749008332,314983892
2,6,64,3,56,440,504,474130624,361587201,37992707,315633928,902119598
2,6,64,3,57,441,505,847903535,569518088,37992707,729824062,324297663
2,6,64,3,58,442,506,1021595250,399787071,37992707,56660921,881799352
2,6,64,3,59,443,507,677853885,1027540423,37992707,895939840,687345655
2,6,64,3,60,444,508,274582827,578079006,37992707,462366380,785100183
2,6,64,3,61,445,509,949879357,685188360,37992707,276923176,406477283
2,6,64,3,62,446,510,395682580,256012614,37992707,807336669,606199647
2,6,64,3,63,447,511,632422208,886655516,37992707,202278107,241353530
3,5,32,0,0,0,32,1,1,1,1,1
3,5,32,0,1,64,96,1,1,657665319,1,416084698
3,5,32,0,2,1,33,817737403,678067437,1,1,1
3,5,32,0,3,65,97,817737403,678067437,657665319,187094501,317291227
3,5,32,0,4,2,34,495671011,799167190,1,1,1
3,5,32,0,5,66,98,495671011,799167190,657665319,817737403,488629146
3,5,32,0,6,3,35,673962946,52154767,1,1,1
3,5,32,0,7,67,99,673962946,52154767,657665319,388561657,320034280
3,5,32,0,8,4,36,712162816,599619393,1,1,1
3,5,32,0,9,68,100,712162816,599619393,657665319,495671011,1062755379
3,5,32,0,10,5,37,721337582,329845853,1,1,1
3,5,32,0,11,69,101,721337582,329845853,657665319,46209594,284782112
3,5,32,0,12,6,38,974527200,614008376,1,1,1
3,5,32,0,13,70,102,974527200,614008376,657665319,673962946,138549337
3,5,32,0,14,7,39,181435322,756720802,1,1,1
3,5,32,0,15,71,103,181435322,756720802,657665319,504231929,73242190
3,5,32,0,16,8,40,1035757310,325516584,1,1,1
3,5,32,0,17,72,104,1035757310,325516584,657665319,712162816,388242986
3,5,32,0,18,9,41,458010850,188071293,1,1,1
3,5,32,0,19,73,105,458010850,188071293,657665319,779493133,1021136799
3,5,32,0,20,10,42,652586448,402513650,1,1,1
3,5,32,0,21,74,106,652586448,402513650,657665319,721337582,315633928
3,5,32,0,22,11,43,190413549,758116089,1,1,1
3,5,32,0,23,75,107,190413549,758116089,657665319,728877883,46625505
3,5,32,0,24,12,44,752543237,685507031,1,1,1
3,5,32,0,25,76,108,752543237,685507031,657665319,974527200,671236367
3,5,32,0,26,13,45,171630419,935200680,1,1,1
3,5,32,0,27,77,109,171630419,935200680,657665319,208233360,462366380
3,5,32,0,28,14,46,379311679,10994638,1,1,1
3,5,32,0,29,78,110,379311679,10994638,657665319,181435322,885678724
3,5,32,0,30,15,47,528439300,585120871,1,1,1
3,5,32,0,31,79,111,528439300,585120871,657665319,815926050,97085222
3,5,32,0,32,16,48,416084698,657665319,1,1,1
3,5,32,0,33,80,112,416084698,657665319,657665319,1035757310,748233433
3,5,32,0,34,17,49,488629146,545310717,1,1,1
3,5,32,0,35,81,113,488629146,545310717,657665319,702235827,447273737
3,5,32,0,36,18,50,1062755379,694438338,1,1,1
3,5,32,0,37,82,114,1062755379,694438338,657665319,458010850,317029215
3,5,32,0,38,19,51,138549337,902119598,1,1,1
3,5,32,0,39,83,115,138549337,902119598,657665319,905389919,467509252
3,5,32,0,40,20,52,388242986,321206780,1,1,1
3,5,32,0,41,84,116,388242986,321206780,657665319,652586448,459741641
3,5,32,0,42,21,53,315633928,883336468,1,1,1
3,5,32,0,43,85,117,315633928,883336468,657665319,957364790,853743350
3,5,32,0,44,22,54,671236367,421163569,1,1,1
3,5,32,0,45,86,118,671236367,421163569,657665319,190413549,743904164
3,5,32,0,46,23,55,885678724,615739167,1,1,1
3,5,32,0,47,87,119,885678724,615739167,657665319,1042260943,275597901
3,5,32,0,48,24,56,748233433,37992707,1,1,1
3,5,32,0,49,88,120,748233433,37992707,657665319,752543237,474130624
3,5,32,0,50,25,57,317029215,892314695,1,1,1
3,5,32,0,51,89,121,317029215,892314695,657665319,984545272,847903535
3,5,32,0,52,26,58,459741641,99222817,1,1,1
3,5,32,0,53,90,122,459741641,99222817,657665319,171630419,1021595250
3,5,32,0,54,27,59,743904164,352412435,1,1,1
3,5,32,0,55,91,123,743904164,352412435,657665319,229581212,677853885
3,5,32,0,56,28,60,474130624,361587201,1,1,1
3,5,32,0,57,92,124,474130624,361587201,657665319,379311679,274582827
3,5,32,0,58,29,61,1021595250,399787071,1,1,1
3,5,32,0,59,93,125,1021595250,399787071,657665319,288649834,949879357
3,5,32,0,60,30,62,274582827,578079006,1,1,1
3,5,32,0,61,94,126,274582827,578079006,657665319,528439300,395682580
3,5,32,0,62,31,63,395682580,256012614,1,1,1
3,5,32,0,63,95,127,395682580,256012614,657665319,949473874,632422208
3,5,32,1,0,128,160,1,1,325516584,1,1035757310
3,5,32,1,1,192,224,1,1,37992707,1,748233433
3,5,32,1,2,129,161,817737403,678067437,325516584,440707649,2726122
3,5,32,1,3,193,225,817737403,678067437,37992707,901096861,235637106
3,5,32,1,4,130,162,495671011,799167190,325516584,187094501,702235827
3,5,32,1,5,194,226,495671011,799167190,37992707,388561657,467509252
3,5,32,1,6,131,163,673962946,52154767,325516584,901096861,439679952
3,5,32,1,7,195,227,673962946,52154767,37992707,356746691,1007190719
3,5,32,1,8,132,164,712162816,599619393,325516584,817737403,458010850
3,5,32,1,9,196,228,712162816,599619393,37992707,673962946,743904164
3,5,32,1,10,133,165,721337582,329845853,325516584,1071029070,859246854
3,5,32,1,11,197,229,721337582,329845853,37992707,123325148,108575979
3,5,32,1,12,134,166,974527200,614008376,325516584,388561657,905389919
3,5,32,1,13,198,230,974527200,614008376,37992707,779493133,847903535
3,5,32,1,14,135,167,181435322,756720802,325516584,325597406,278483467
3,5,32,1,15,199,231,181435322,756720802,37992707,722972536,576444164
3,5,32,1,16,136,168,1035757310,325516584,325516584,495671011,652586448
3,5,32,1,17,200,232,1035757310,325516584,37992707,974527200,274582827
3,5,32,1,18,137,169,458010850,188071293,325516584,356746691,12705709
3,5,32,1,19,201,233,458010850,188071293,37992707,741034156,605622196
3,5,32,1,20,138,170,652586448,402513650,325516584,46209594,957364790
3,5,32,1,21,202,234,652586448,402513650,37992707,815926050,632422208
3,5,32,1,22,139,171,190413549,758116089,325516584,468059684,638820028
3,5,32,1,23,203,235,190413549,758116089,37992707,2726122,633042368
3,5,32,1,24,140,172,752543237,685507031,325516584,673962946,190413549
3,5,32,1,25,204,236,752543237,685507031,37992707,458010850,256012614
3,5,32,1,26,141,173,171630419,935200680,325516584,969735620,822686542
3,5,32,1,27,205,237,171630419,935200680,37992707,278483467,748152611
3,5,32,1,28,142,174,379311679,10994638,325516584,504231929,1042260943
3,5,32,1,29,206,238,379311679,10994638,37992707,957364790,1027540423
3,5,32,1,30,143,175,528439300,585120871,325516584,123325148,162986210
3,5,32,1,31,207,239,528439300,585120871,37992707,822686542,104014397
3,5,32,1,32,144,176,416084698,657665319,325516584,712162816,752543237
3,5,32,1,33,208,240,416084698,657665319,37992707,752543237,361587201
3,5,32,1,34,145,177,488629146,545310717,325516584,469253809,683291937
3,5,32,1,35,209,241,488629146,545310717,37992707,218826563,1049044962
3,5,32,1,36,146,178,1062755379,694438338,325516584,779493133,984545272
3,5,32,1,37,210,242,1062755379,694438338,37992707,229581212,344872134
3,5,32,1,38,147,179,138549337,902119598,325516584,24705055,218826563
3,5,32,1,39,211,243,138549337,902119598,37992707,231206881,788655650
3,5,32,1,40,148,180,388242986,321206780,325516584,721337582,171630419
3,5,32,1,41,212,244,388242986,321206780,37992707,528439300,892314695
3,5,32,1,42,149,181,315633928,883336468,325516584,722972536,281833391
3,5,32,1,43,213,245,315633928,883336468,37992707,1066311971,895971445
3,5,32,1,44,150,182,671236367,421163569,325516584,728877883,229581212
3,5,32,1,45,214,246,671236367,421163569,37992707,317291227,371514190
3,5,32,1,46,151,183,885678724,615739167,325516584,653072860,191950665
3,5,32,1,47,215,247,885678724,615739167,37992707,427155522,214503163
3,5,32,1,48,152,184,748233433,37992707,325516584,974527200,379311679
3,5,32,1,49,216,248,748233433,37992707,37992707,1062755379,421163569
3,5,32,1,50,153,185,317029215,892314695,325516584,285094367,231206881
3,5,32,1,51,217,249,317029215,892314695,37992707,990973619,434929989
3,5,32,1,52,154,186,459741641,99222817,325516584,208233360,288649834
3,5,32,1,53,218,250,459741641,99222817,37992707,73242190,31489074
3,5,32,1,54,155,187,743904164,352412435,325516584,741034156,458592377
3,5,32,1,55,219,251,743904164,352412435,37992707,711856442,390458080
3,5,32,1,56,156,188,474130624,361587201,325516584,181435322,528439300
3,5,32,1,57,220,252,474130624,361587201,37992707,315633928,902119598
3,5,32,1,58,157,189,1021595250,399787071,325516584,616973287,467550370
3,5,32,1,59,221,253,1021595250,399787071,37992707,56660921,881799352
3,5,32,1,60,158,190,274582827,578079006,325516584,815926050,949473874
3,5,32,1,61,222,254,274582827,578079006,37992707,462366380,785100183
3,5,32,1,62,159,191,395682580,256012614,325516584,177778572,1066311971
3,5,32,1,63,223,255,395682580,256012614,37992707,807336669,606199647
3,5,32,2,0,256,288,1,1,599619393,1,712162816
3,5,32,2,1,320,352,1,1,321206780,1,388242986
3,5,32,2,2,257,289,817737403,678067437,599619393,387049130,857085928
3,5,32,2,3,321,353,817737403,678067437,321206780,754587317,749008332
3,5,32,2,4,258,290,495671011,799167190,599619393,440707649,469253809
3,5,32,2,5,322,354,495671011,799167190,321206780,1071029070,1038697402
3,5,32,2,6,259,291,673962946,52154767,599619393,1044181966,22094670
3,5,32,2,7,323,355,673962946,52154767,321206780,473577691,992086157
3,5,32,2,8,260,292,712162816,599619393,599619393,187094501,779493133
3,5,32,2,9,324,356,712162816,599619393,321206780,46209594,462366380
3,5,32,2,10,261,293,721337582,329845853,599619393,754587317,926966534
3,5,32,2,11,325,357,721337582,329845853,321206780,754057898,132607423
3,5,32,2,12,262,294,974527200,614008376,599619393,901096861,24705055
3,5,32,2,13,326,358,974527200,614008376,321206780,123325148,899106445
3,5,32,2,14,263,295,181435322,756720802,599619393,470197401,796711999
3,5,32,2,15,327,359,181435322,756720802,321206780,22094670,890923031
3,5,32,2,16,264,296,1035757310,325516584,599619393,817737403,721337582
3,5,32,2,17,328,360,1035757310,325516584,321206780,721337582,317029215
3,5,32,2,18,265,297,458010850,188071293,599619393,642344479,400367431
3,5,32,2,19,329,361,458010850,188071293,321206780,837399340,598699744
3,5,32,2,20,266,298,652586448,402513650,599619393,1071029070,722972536
3,5,32,2,21,330,362,652586448,402513650,321206780,285094367,1007190719
3,5,32,2,22,267,299,190413549,758116089,599619393,290047592,867388620
3,5,32,2,23,331,363,190413549,758116089,321206780,862849377,975953846
3,5,32,2,24,268,300,752543237,685507031,599619393,388561657,728877883
3,5,32,2,25,332,364,752543237,685507031,321206780,815926050,275597901
3,5,32,2,26,269,301,171630419,935200680,599619393,232140538,837399340
3,5,32,2,27,333,365,171630419,935200680,321206780,947120702,395130980
3,5,32,2,28,270,302,379311679,10994638,599619393,325597406,653072860
3,5,32,2,29,334,366,379311679,10994638,321206780,439679952,402440247
3,5,32,2,30,271,303,528439300,585120871,599619393,473577691,168895115
3,5,32,2,31,335,367,528439300,585120871,321206780,306806243,404883802
3,5,32,2,32,272,304,416084698,657665319,599619393,495671011,974527200
3,5,32,2,33,336,368,416084698,657665319,321206780,652586448,274582827
3,5,32,2,34,273,305,488629146,545310717,599619393,601346906,1039528536
3,5,32,2,35,337,369,488629146,545310717,321206780,604244801,151041506
3,5,32,2,36,274,306,1062755379,694438338,599619393,356746691,285094367
3,5,32,2,37,338,370,1062755379,694438338,321206780,822686542,679951601
3,5,32,2,38,275,307,138549337,902119598,599619393,569569967,961970295
3,5,32,2,39,339,371,138549337,902119598,321206780,431233734,812630551
3,5,32,2,40,276,308,388242986,321206780,599619393,46209594,208233360
3,5,32,2,41,340,372,388242986,321206780,321206780,984545272,886655516
3,5,32,2,42,277,309,315633928,883336468,599619393,1063435359,180193115
3,5,32,2,43,341,373,315633928,883336468,321206780,892501043,431405538
3,5,32,2,44,278,310,671236367,421163569,599619393,468059684,741034156
3,5,32,2,45,342,374,671236367,421163569,321206780,191950665,748152611
3,5,32,2,46,279,311,885678724,615739167,599619393,1010800917,862849377
3,5,32,2,47,343,375,885678724,615739167,321206780,838000363,504180050
3,5,32,2,48,280,312,748233433,37992707,599619393,673962946,181435322
3,5,32,2,49,344,376,748233433,37992707,321206780,528439300,399787071
3,5,32,2,50,281,313,317029215,892314695,599619393,754057898,687051942
3,5,32,2,51,345,377,317029215,892314695,321206780,832396487,523462241
3,5,32,2,52,282,314,459741641,99222817,599619393,969735620,616973287
3,5,32,2,53,346,378,459741641,99222817,321206780,98497549,604496208
3,5,32,2,54,283,315,743904164,352412435,599619393,903565468,308338284
3,5,32,2,55,347,379,743904164,352412435,321206780,357995642,277038018
3,5,32,2,56,284,316,474130624,361587201,599619393,504231929,815926050
3,5,32,2,57,348,380,474130624,361587201,321206780,320034280,344872134
3,5,32,2,58,285,317,1021595250,399787071,599619393,550287776,564421382
3,5,32,2,59,349,381,1021595250,399787071,321206780,593559137,34221481
3,5,32,2,60,286,318,274582827,578079006,599619393,123325148,177778572
3,5,32,2,61,350,382,274582827,578079006,321206780,990973619,332715861
3,5,32,2,62,287,319,395682580,256012614,599619393,1033546797,890832652
3,5,32,2,63,351,383,395682580,256012614,321206780,553677216,765411733
3,5,32,3,0,384,416,1,1,685507031,1,752543237
3,5,32,3,1,448,480,1,1,361587201,1,474130624
3,5,32,3,2,385,417,817737403,678067437,685507031,1044181966,1038468587
3,5,32,3,3,449,481,817737403,678067437,361587201,470197401,1035970607
3,5,32,3,4,386,418,495671011,799167190,685507031,901096861,218826563
3,5,32,3,5,450,482,495671011,799167190,361587201,325597406,582929218
3,5,32,3,6,387,419,673962946,52154767,685507031,642344479,892501043
3,5,32,3,7,451,483,673962946,52154767,361587201,1063435359,151041506
3,5,32,3,8,388,420,712162816,599619393,685507031,388561657,229581212
3,5,32,3,9,452,484,712162816,599619393,361587201,504231929,632422208
3,5,32,3,10,389,421,721337582,329845853,685507031,473577691,97416528
3,5,32,3,11,453,485,721337582,329845853,361587201,22094670,29568051
3,5,32,3,12,390,422,974527200,614008376,685507031,356746691,231206881
3,5,32,3,13,454,486,974527200,614008376,361587201,722972536,2720947
3,5,32,3,14,391,423,181435322,756720802,685507031,1063435359,800526448
3,5,32,3,15,455,487,181435322,756720802,361587201,1039528536,472403111
3,5,32,3,16,392,424,1035757310,325516584,685507031,673962946,528439300
3,5,32,3,17,456,488,1035757310,325516584,361587201,181435322,399787071
3,5,32,3,18,393,425,458010850,188071293,685507031,903565468,162075110
3,5,32,3,19,457,489,458010850,188071293,361587201,890832652,40203220
3,5,32,3,20,394,426,652586448,402513650,685507031,123325148,1066311971
3,5,32,3,21,458,490,652586448,402513650,361587201,439679952,1049044962
3,5,32,3,22,395,427,190413549,758116089,685507031,857085928,897486372
3,5,32,3,23,459,491,190413549,758116089,361587201,977829509,236350677
3,5,32,3,24,396,428,752543237,685507031,685507031,779493133,317291227
3,5,32,3,25,460,492,752543237,685507031,361587201,957364790,865516657
3,5,32,3,26,397,429,171630419,935200680,685507031,796711999,357995642
3,5,32,3,27,461,493,171630419,935200680,361587201,219965702,765411733
3,5,32,3,28,398,430,379311679,10994638,685507031,722972536,427155522
3,5,32,3,29,462,494,379311679,10994638,361587201,683291937,1071023895
3,5,32,3,30,399,431,528439300,585120871,685507031,837399340,115537598
3,5,32,3,31,463,495,528439300,585120871,361587201,892501043,447335253
3,5,32,3,32,400,432,416084698,657665319,685507031,974527200,1062755379
3,5,32,3,33,464,496,416084698,657665319,361587201,379311679,421163569
3,5,32,3,34,401,433,488629146,545310717,685507031,961970295,388213601
3,5,32,3,35,465,497,488629146,545310717,361587201,667272734,724401097
3,5,32,3,36,402,434,1062755379,694438338,685507031,741034156,990973619
3,5,32,3,37,466,498,1062755379,694438338,361587201,1066311971,910763807
3,5,32,3,38,403,435,138549337,902119598,685507031,687051942,903910022
3,5,32,3,39,467,499,138549337,902119598,361587201,1011402883,314983892
3,5,32,3,40,404,436,388242986,321206780,685507031,815926050,73242190
3,5,32,3,41,468,500,388242986,321206780,361587201,320034280,844168805
3,5,32,3,42,405,437,315633928,883336468,685507031,890832652,420015338
3,5,32,3,43,469,501,315633928,883336468,361587201,388213601,235749654
3,5,32,3,44,406,438,671236367,421163569,685507031,2726122,711856442
3,5,32,3,45,470,502,671236367,421163569,361587201,78058549,606199647
3,5,32,3,46,407,439,885678724,615739167,685507031,299447968,749008332
3,5,32,3,47,471,503,885678724,615739167,361587201,563287098,176263645
3,5,32,3,48,408,440,748233433,37992707,685507031,458010850,315633928
3,5,32,3,49,472,504,748233433,37992707,361587201,315633928,585120871
3,5,32,3,50,409,441,317029215,892314695,685507031,306806243,729824062
3,5,32,3,51,473,505,317029215,892314695,361587201,992086157,665469966
3,5,32,3,52,410,442,459741641,99222817,685507031,278483467,56660921
3,5,32,3,53,474,506,459741641,99222817,361587201,184055349,82776398
3,5,32,3,54,411,443,743904164,352412435,685507031,786704250,895939840
3,5,32,3,55,475,507,743904164,352412435,361587201,202278107,611276295
3,5,32,3,56,412,444,474130624,361587201,685507031,957364790,462366380
3,5,32,3,57,476,508,474130624,361587201,361587201,447273737,52613218
3,5,32,3,58,413,445,1021595250,399787071,685507031,349348920,276923176
3,5,32,3,59,477,509,1021595250,399787071,361587201,435801599,343925955
3,5,32,3,60,414,446,274582827,578079006,685507031,822686542,807336669
3,5,32,3,61,478,510,274582827,578079006,361587201,1007190719,344642621
3,5,32,3,62,415,447,395682580,256012614,685507031,990506365,202278107
3,5,32,3,63,479,511,395682580,256012614,361587201,841005288,941142594
4,4,16,0,0,0,16,1,1,1,1,1
4,4,16,0,1,32,48,1,1,657665319,1,416084698
4,4,16,0,2,64,80,1,1,325516584,1,1035757310
4,4,16,0,3,96,112,1,1,37992707,1,748233433
4,4,16,0,4,1,17,495671011,799167190,1,1,1
4,4,16,0,5,33,49,495671011,799167190,657665319,817737403,488629146
4,4,16,0,6,65,81,495671011,799167190,325516584,187094501,702235827
4,4,16,0,7,97,113,495671011,799167190,37992707,388561657,467509252
4,4,16,0,8,2,18,712162816,599619393,1,1,1
4,4,16,0,9,34,50,712162816,599619393,657665319,495671011,1062755379
4,4,16,0,10,66,82,712162816,599619393,325516584,817737403,458010850
4,4,16,0,11,98,114,712162816,599619393,37992707,673962946,743904164
4,4,16,0,12,3,19,974527200,614008376,1,1,1
4,4,16,0,13,35,51,974527200,614008376,657665319,673962946,138549337
4,4,16,0,14,67,83,974527200,614008376,325516584,388561657,905389919
4,4,16,0,15,99,115,974527200,614008376,37992707,779493133,847903535
4,4,16,0,16,4,20,1035757310,325516584,1,1,1
4,4,16,0,17,36,52,1035757310,325516584,657665319,712162816,388242986
4,4,16,0,18,68,84,1035757310,325516584,325516584,495671011,652586448
4,4,16,0,19,100,116,1035757310,325516584,37992707,974527200,274582827
4,4,16,0,20,5,21,652586448,402513650,1,1,1
4,4,16,0,21,37,53,652586448,402513650,657665319,721337582,315633928
4,4,16,0,22,69,85,652586448,402513650,325516584,46209594,957364790
4,4,16,0,23,101,117,652586448,402513650,37992707,815926050,632422208
4,4,16,0,24,6,22,752543237,685507031,1,1,1
4,4,16,0,25,38,54,752543237,685507031,657665319,974527200,671236367
4,4,16,0,26,70,86,752543237,685507031,325516584,673962946,190413549
4,4,16,0,27,102,118,752543237,685507031,37992707,458010850,256012614
4,4,16,0,28,7,23,379311679,10994638,1,1,1
4,4,16,0,29,39,55,379311679,10994638,657665319,181435322,885678724
4,4,16,0,30,71,87,379311679,10994638,325516584,504231929,1042260943
4,4,16,0,31,103,119,379311679,10994638,37992707,957364790,1027540423
4,4,16,0,32,8,24,416084698,657665319,1,1,1
4,4,16,0,33,40,56,416084698,657665319,657665319,1035757310,748233433
4,4,16,0,34,72,88,416084698,657665319,325516584,712162816,752543237
4,4,16,0,35,104,120,416084698,657665319,37992707,752543237,361587201
4,4,16,0,36,9,25,1062755379,694438338,1,1,1
4,4,16,0,37,41,57,1062755379,694438338,657665319,458010850,317029215
4,4,16,0,38,73,89,1062755379,694438338,325516584,779493133,984545272
4,4,16,0,39,105,121,1062755379,694438338,37992707,229581212,344872134
4,4,16,0,40,10,26,388242986,321206780,1,1,1
4,4,16,0,41,42,58,388242986,321206780,657665319,652586448,459741641
4,4,16,0,42,74,90,388242986,321206780,325516584,721337582,171630419
4,4,16,0,43,106,122,388242986,321206780,37992707,528439300,892314695
4,4,16,0,44,11,27,671236367,421163569,1,1,1
4,4,16,0,45,43,59,671236367,421163569,657665319,190413549,743904164
4,4,16,0,46,75,91,671236367,421163569,325516584,728877883,229581212
4,4,16,0,47,107,123,671236367,421163569,37992707,317291227,371514190
4,4,16,0,48,12,28,748233433,37992707,1,1,1
4,4,16,0,49,44,60,748233433,37992707,657665319,752543237,474130624
4,4,16,0,50,76,92,748233433,37992707,325516584,974527200,379311679
4,4,16,0,51,108,124,748233433,37992707,37992707,1062755379,421163569
4,4,16,0,52,13,29,459741641,99222817,1,1,1
4,4,16,0,53,45,61,459741641,99222817,657665319,171630419,1021595250
4,4,16,0,54,77,93,459741641,99222817,325516584,208233360,288649834
4,4,16,0,55,109,125,459741641,99222817,37992707,73242190,31489074
4,4,16,0,56,14,30,474130624,361587201,1,1,1
4,4,16,0,57,46,62,474130624,361587201,657665319,379311679,274582827
4,4,16,0,58,78,94,474130624,361587201,325516584,181435322,528439300
4,4,16,0,59,110,126,474130624,361587201,37992707,315633928,902119598
4,4,16,0,60,15,31,274582827,578079006,1,1,1
4,4,16,0,61,47,63,274582827,578079006,657665319,528439300,395682580
4,4,16,0,62,79,95,274582827,578079006,325516584,815926050,949473874
4,4,16,0,63,111,127,274582827,578079006,37992707,462366380,785100183
4,4,16,1,0,128,144,1,1,599619393,1,712162816
4,4,16,1,1,160,176,1,1,321206780,1,388242986
4,4,16,1,2,192,208,1,1,685507031,1,752543237
4,4,16,1,3,224,240,1,1,361587201,1,474130624
4,4,16,1,4,129,145,495671011,799167190,599619393,440707649,469253809
4,4,16,1,5,161,177,495671011,799167190,321206780,1071029070,1038697402
4,4,16,1,6,193,209,495671011,799167190,685507031,901096861,218826563
4,4,16,1,7,225,241,495671011,799167190,361587201,325597406,582929218
4,4,16,1,8,130,146,712162816,599619393,599619393,187094501,779493133
4,4,16,1,9,162,178,712162816,599619393,321206780,46209594,462366380
4,4,16,1,10,194,210,712162816,599619393,685507031,388561657,229581212
4,4,16,1,11,226,242,712162816,599619393,361587201,504231929,632422208
4,4,16,1,12,131,147,974527200,614008376,599619393,901096861,24705055
4,4,16,1,13,163,179,974527200,614008376,321206780,123325148,899106445
4,4,16,1,14,195,211,974527200,614008376,685507031,356746691,231206881
4,4,16,1,15,227,243,974527200,614008376,361587201,722972536,2720947
4,4,16,1,16,132,148,1035757310,325516584,599619393,817737403,721337582
4,4,16,1,17,164,180,1035757310,325516584,321206780,721337582,317029215
4,4,16,1,18,196,212,1035757310,325516584,685507031,673962946,528439300
4,4,16,1,19,228,244,1035757310,325516584,361587201,181435322,399787071
4,4,16,1,20,133,149,652586448,402513650,599619393,1071029070,722972536
4,4,16,1,21,165,181,652586448,402513650,321206780,285094367,1007190719
4,4,16,1,22,197,213,652586448,402513650,685507031,123325148,1066311971
4,4,16,1,23,229,245,652586448,402513650,361587201,439679952,1049044962
4,4,16,1,24,134,150,752543237,685507031,599619393,388561657,728877883
4,4,16,1,25,166,182,752543237,685507031,321206780,815926050,275597901
4,4,16,1,26,198,214,752543237,685507031,685507031,779493133,317291227
4,4,16,1,27,230,246,752543237,685507031,361587201,957364790,865516657
4,4,16,1,28,135,151,379311679,10994638,599619393,325597406,653072860
4,4,16,1,29,167,183,379311679,10994638,321206780,439679952,402440247
4,4,16,1,30,199,215,379311679,10994638,685507031,722972536,427155522
4,4,16,1,31,231,247,379311679,10994638,361587201,683291937,1071023895
4,4,16,1,32,136,152,416084698,657665319,599619393,495671011,974527200
4,4,16,1,33,168,184,416084698,657665319,321206780,652586448,274582827
4,4,16,1,34,200,216,416084698,657665319,685507031,974527200,1062755379
4,4,16,1,35,232,248,416084698,657665319,361587201,379311679,421163569
4,4,16,1,36,137,153,1062755379,694438338,599619393,356746691,285094367
4,4,16,1,37,169,185,1062755379,694438338,321206780,822686542,679951601
4,4,16,1,38,201,217,1062755379,694438338,685507031,741034156,990973619
4,4,16,1,39,233,249,1062755379,694438338,361587201,1066311971,910763807
4,4,16,1,40,138,154,388242986,321206780,599619393,46209594,208233360
4,4,16,1,41,170,186,388242986,321206780,321206780,984545272,886655516
4,4,16,1,42,202,218,388242986,321206780,685507031,815926050,73242190
4,4,16,1,43,234,250,388242986,321206780,361587201,320034280,844168805
4,4,16,1,44,139,155,671236367,421163569,599619393,468059684,741034156
4,4,16,1,45,171,187,671236367,421163569,321206780,191950665,748152611
4,4,16,1,46,203,219,671236367,421163569,685507031,2726122,711856442
4,4,16,1,47,235,251,671236367,421163569,361587201,78058549,606199647
4,4,16,1,48,140,156,748233433,37992707,599619393,673962946,181435322
4,4,16,1,49,172,188,748233433,37992707,321206780,528439300,399787071
4,4,16,1,50,204,220,748233433,37992707,685507031,458010850,315633928
4,4,16,1,51,236,252,748233433,37992707,361587201,315633928,585120871
4,4,16,1,52,141,157,459741641,99222817,599619393,969735620,616973287
4,4,16,1,53,173,189,459741641,99222817,321206780,98497549,604496208
4,4,16,1,54,205,221,459741641,99222817,685507031,278483467,56660921
4,4,16,1,55,237,253,459741641,99222817,361587201,184055349,82776398
4,4,16,1,56,142,158,474130624,361587201,599619393,504231929,815926050
4,4,16,1,57,174,190,474130624,361587201,321206780,320034280,344872134
4,4,16,1,58,206,222,474130624,361587201,685507031,957364790,462366380
4,4,16,1,59,238,254,474130624,361587201,361587201,447273737,52613218
4,4,16,1,60,143,159,274582827,578079006,599619393,123325148,177778572
4,4,16,1,61,175,191,274582827,578079006,321206780,990973619,332715861
4,4,16,1,62,207,223,274582827,578079006,685507031,822686542,807336669
4,4,16,1,63,239,255,274582827,578079006,361587201,1007190719,344642621
4,4,16,2,0,256,272,1,1,799167190,1,495671011
4,4,16,2,1,288,304,1,1,694438338,1,1062755379
4,4,16,2,2,320,336,1,1,402513650,1,652586448
4,4,16,2,3,352,368,1,1,99222817,1,459741641
4,4,16,2,4,257,273,495671011,799167190,799167190,387049130,601346906
4,4,16,2,5,289,305,495671011,799167190,694438338,642344479,903910022
4,4,16,2,6,321,337,495671011,799167190,402513650,754587317,604244801
4,4,16,2,7,353,369,495671011,799167190,99222817,232140538,839289129
4,4,16,2,8,258,274,712162816,599619393,799167190,440707649,356746691
4,4,16,2,9,290,306,712162816,599619393,694438338,356746691,711856442
4,4,16,2,10,322,338,712162816,599619393,402513650,1071029070,822686542
4,4,16,2,11,354,370,712162816,599619393,99222817,969735620,576444164
4,4,16,2,12,259,275,974527200,614008376,799167190,1044181966,569569967
4,4,16,2,13,291,307,974527200,614008376,694438338,903565468,729824062
4,4,16,2,14,323,339,974527200,614008376,402513650,473577691,431233734
4,4,16,2,15,355,371,974527200,614008376,99222817,796711999,70545827
4,4,16,2,16,260,276,1035757310,325516584,799167190,187094501,46209594
4,4,16,2,17,292,308,1035757310,325516584,694438338,779493133,462366380
4,4,16,2,18,324,340,1035757310,325516584,402513650,46209594,984545272
4,4,16,2,19,356,372,1035757310,325516584,99222817,208233360,886655516
4,4,16,2,20,261,277,652586448,402513650,799167190,754587317,1063435359
4,4,16,2,21,293,309,652586448,402513650,694438338,837399340,202278107
4,4,16,2,22,325,341,652586448,402513650,402513650,754057898,892501043
4,4,16,2,23,357,373,652586448,402513650,99222817,947120702,472403111
4,4,16,2,24,262,278,752543237,685507031,799167190,901096861,468059684
4,4,16,2,25,294,310,752543237,685507031,694438338,741034156,235637106
4,4,16,2,26,326,342,752543237,685507031,402513650,123325148,191950665
4,4,16,2,27,358,374,752543237,685507031,99222817,278483467,950424869
4,4,16,2,28,263,279,379311679,10994638,799167190,470197401,1010800917
4,4,16,2,29,295,311,379311679,10994638,694438338,890832652,52748244
4,4,16,2,30,327,343,379311679,10994638,402513650,22094670,838000363
4,4,16,2,31,359,375,379311679,10994638,99222817,219965702,206361397
4,4,16,2,32,264,280,416084698,657665319,799167190,817737403,673962946
4,4,16,2,33,296,312,416084698,657665319,694438338,458010850,743904164
4,4,16,2,34,328,344,416084698,657665319,402513650,721337582,528439300
4,4,16,2,35,360,376,416084698,657665319,99222817,171630419,892314695
4,4,16,2,36,265,281,1062755379,694438338,799167190,642344479,754057898
4,4,16,2,37,297,313,1062755379,694438338,694438338,786704250,395130980
4,4,16,2,38,329,345,1062755379,694438338,402513650,837399340,832396487
4,4,16,2,39,361,377,1062755379,694438338,99222817,800526448,774302049
4,4,16,2,40,266,282,388242986,321206780,799167190,1071029070,969735620
4,4,16,2,41,298,314,388242986,321206780,694438338,822686542,576444164
4,4,16,2,42,330,346,388242986,321206780,402513650,285094367,98497549
4,4,16,2,43,362,378,388242986,321206780,99222817,98497549,1061044308
4,4,16,2,44,267,283,671236367,421163569,799167190,290047592,903565468
4,4,16,2,45,299,315,671236367,421163569,694438338,1038468587,398580869
4,4,16,2,46,331,347,671236367,421163569,402513650,862849377,357995642
4,4,16,2,47,363,379,671236367,421163569,99222817,408280051,642516283
4,4,16,2,48,268,284,748233433,37992707,799167190,388561657,504231929
4,4,16,2,49,300,316,748233433,37992707,694438338,229581212,632422208
4,4,16,2,50,332,348,748233433,37992707,402513650,815926050,320034280
4,4,16,2,51,364,380,748233433,37992707,99222817,73242190,844168805
4,4,16,2,52,269,285,459741641,99222817,799167190,232140538,550287776
4,4,16,2,53,301,317,459741641,99222817,694438338,800526448,319162700
4,4,16,2,54,333,349,459741641,99222817,402513650,947120702,593559137
4,4,16,2,55,365,381,459741641,99222817,99222817,987958779,354165413
4,4,16,2,56,270,286,474130624,361587201,799167190,325597406,123325148
4,4,16,2,57,302,318,474130624,361587201,694438338,1066311971,748152611
4,4,16,2,58,334,350,474130624,361587201,402513650,439679952,990973619
4,4,16,2,59,366,382,474130624,361587201,99222817,184055349,851886287
4,4,16,2,60,271,287,274582827,578079006,799167190,473577691,1033546797
4,4,16,2,61,303,319,274582827,578079006,694438338,357995642,62949100
4,4,16,2,62,335,351,274582827,578079006,402513650,306806243,553677216
4,4,16,2,63,367,383,274582827,578079006,99222817,890923031,685536416
4,4,16,3,0,384,400,1,1,614008376,1,974527200
4,4,16,3,1,416,432,1,1,421163569,1,671236367
4,4,16,3,2,448,464,1,1,10994638,1,379311679
4,4,16,3,3,480,496,1,1,578079006,1,274582827
4,4,16,3,4,385,401,495671011,799167190,614008376,1044181966,961970295
4,4,16,3,5,417,433,495671011,799167190,421163569,290047592,711267742
4,4,16,3,6,449,465,495671011,799167190,10994638,470197401,667272734
4,4,16,3,7,481,497,495671011,799167190,578079006,473577691,812630551
4,4,16,3,8,386,402,712162816,599619393,614008376,901096861,741034156
4,4,16,3,9,418,434,712162816,599619393,421163569,468059684,235637106
4,4,16,3,10,450,466,712162816,599619393,10994638,325597406,1066311971
4,4,16,3,11,482,498,712162816,599619393,578079006,123325148,748152611
4,4,16,3,12,387,403,974527200,614008376,614008376,642344479,687051942
4,4,16,3,13,419,435,974527200,614008376,421163569,857085928,952820481
4,4,16,3,14,451,467,974527200,614008376,10994638,1063435359,1011402883
4,4,16,3,15,483,499,974527200,614008376,578079006,837399340,523462241
4,4,16,3,16,388,404,1035757310,325516584,614008376,388561657,815926050
4,4,16,3,17,420,436,1035757310,325516584,421163569,728877883,275597901
4,4,16,3,18,452,468,1035757310,325516584,10994638,504231929,320034280
4,4,16,3,19,484,500,1035757310,325516584,578079006,815926050,344872134
4,4,16,3,20,389,405,652586448,402513650,614008376,473577691,890832652
4,4,16,3,21,421,437,652586448,402513650,421163569,862849377,1035970607
4,4,16,3,22,453,469,652586448,402513650,10994638,22094670,388213601
4,4,16,3,23,485,501,652586448,402513650,578079006,306806243,765411733
4,4,16,3,24,390,406,752543237,685507031,614008376,356746691,2726122
4,4,16,3,25,422,438,752543237,685507031,421163569,2726122,333307578
4,4,16,3,26,454,470,752543237,685507031,10994638,722972536,78058549
4,4,16,3,27,486,502,752543237,685507031,578079006,822686542,214503163
4,4,16,3,28,391,407,379311679,10994638,614008376,1063435359,299447968
4,4,16,3,29,423,439,379311679,10994638,421163569,977829509,162407533
4,4,16,3,30,455,471,379311679,10994638,10994638,1039528536,563287098
4,4,16,3,31,487,503,379311679,10994638,578079006,892501043,198673260
4,4,16,3,32,392,408,416084698,657665319,614008376,673962946,458010850
4,4,16,3,33,424,440,416084698,657665319,421163569,190413549,256012614
4,4,16,3,34,456,472,416084698,657665319,10994638,181435322,315633928
4,4,16,3,35,488,504,416084698,657665319,578079006,528439300,902119598
4,4,16,3,36,393,409,1062755379,694438338,614008376,903565468,306806243
4,4,16,3,37,425,441,1062755379,694438338,421163569,1038468587,504180050
4,4,16,3,38,457,473,1062755379,694438338,10994638,890832652,992086157
4,4,16,3,39,489,505,1062755379,694438338,578079006,357995642,406477283
4,4,16,3,40,394,410,388242986,321206780,614008376,123325148,278483467
4,4,16,3,41,426,442,388242986,321206780,421163569,191950665,950424869
4,4,16,3,42,458,474,388242986,321206780,10994638,439679952,184055349
4,4,16,3,43,490,506,388242986,321206780,578079006,990973619,851886287
4,4,16,3,44,395,411,671236367,421163569,614008376,857085928,786704250
4,4,16,3,45,427,443,671236367,421163569,421163569,719584604,673382586
4,4,16,3,46,459,475,671236367,421163569,10994638,977829509,202278107
4,4,16,3,47,491,507,671236367,421163569,578079006,749008332,57204403
4,4,16,3,48,396,412,748233433,37992707,614008376,779493133,957364790
4,4,16,3,49,428,444,748233433,37992707,421163569,317291227,865516657
4,4,16,3,50,460,476,748233433,37992707,10994638,957364790,447273737
4,4,16,3,51,492,508,748233433,37992707,578079006,462366380,52613218
4,4,16,3,52,397,413,459741641,99222817,614008376,796711999,349348920
4,4,16,3,53,429,445,459741641,99222817,421163569,408280051,182917365
4,4,16,3,54,461,477,459741641,99222817,10994638,219965702,435801599
4,4,16,3,55,493,509,459741641,99222817,578079006,890923031,915783431
4,4,16,3,56,398,414,474130624,361587201,614008376,722972536,822686542
4,4,16,3,57,430,446,474130624,361587201,421163569,78058549,214503163
4,4,16,3,58,462,478,474130624,361587201,10994638,683291937,1007190719
4,4,16,3,59,494,510,474130624,361587201,578079006,1007190719,57627457
4,4,16,3,60,399,415,274582827,578079006,614008376,837399340,990506365
4,4,16,3,61,431,447,274582827,578079006,421163569,749008332,469505216
4,4,16,3,62,463,479,274582827,578079006,10994638,892501043,841005288
4,4,16,3,63,495,511,274582827,578079006,578079006,395130980,120929536
5,3,8,0,0,0,8,1,1,1,1,1
5,3,8,0,1,16,24,1,1,657665319,1,416084698
5,3,8,0,2,32,40,1,1,325516584,1,1035757310
5,3,8,0,3,48,56,1,1,37992707,1,748233433
5,3,8,0,4,64,72,1,1,599619393,1,712162816
5,3,8,0,5,80,88,1,1,321206780,1,388242986
5,3,8,0,6,96,104,1,1,685507031,1,752543237
5,3,8,0,7,112,120,1,1,361587201,1,474130624
5,3,8,0,8,1,9,712162816,599619393,1,1,1
5,3,8,0,9,17,25,712162816,599619393,657665319,495671011,1062755379
5,3,8,0,10,33,41,712162816,599619393,325516584,817737403,458010850
5,3,8,0,11,49,57,712162816,599619393,37992707,673962946,743904164
5,3,8,0,12,65,73,712162816,599619393,599619393,187094501,779493133
5,3,8,0,13,81,89,712162816,599619393,321206780,46209594,462366380
5,3,8,0,14,97,105,712162816,599619393,685507031,388561657,229581212
5,3,8,0,15,113,121,712162816,599619393,361587201,504231929,632422208
5,3,8,0,16,2,10,1035757310,325516584,1,1,1
5,3,8,0,17,18,26,1035757310,325516584,657665319,712162816,388242986
5,3,8,0,18,34,42,1035757310,325516584,325516584,495671011,652586448
5,3,8,0,19,50,58,1035757310,325516584,37992707,974527200,274582827
5,3,8,0,20,66,74,1035757310,325516584,599619393,817737403,721337582
5,3,8,0,21,82,90,1035757310,325516584,321206780,721337582,317029215
5,3,8,0,22,98,106,1035757310,325516584,685507031,673962946,528439300
5,3,8,0,23,114,122,1035757310,325516584,361587201,181435322,399787071
5,3,8,0,24,3,11,752543237,685507031,1,1,1
5,3,8,0,25,19,27,752543237,685507031,657665319,974527200,671236367
5,3,8,0,26,35,43,752543237,685507031,325516584,673962946,190413549
5,3,8,0,27,51,59,752543237,685507031,37992707,458010850,256012614
5,3,8,0,28,67,75,752543237,685507031,599619393,388561657,728877883
5,3,8,0,29,83,91,752543237,685507031,321206780,815926050,275597901
5,3,8,0,30,99,107,752543237,685507031,685507031,779493133,317291227
5,3,8,0,31,115,123,752543237,685507031,361587201,957364790,865516657
5,3,8,0,32,4,12,416084698,657665319,1,1,1
5,3,8,0,33,20,28,416084698,657665319,657665319,1035757310,748233433
5,3,8,0,34,36,44,416084698,657665319,325516584,712162816,752543237
5,3,8,0,35,52,60,416084698,657665319,37992707,752543237,361587201
5,3,8,0,36,68,76,416084698,657665319,599619393,495671011,974527200
5,3,8,0,37,84,92,416084698,657665319,321206780,652586448,274582827
5,3,8,0,38,100,108,416084698,657665319,685507031,974527200,1062755379
5,3,8,0,39,116,124,416084698,657665319,361587201,379311679,421163569
5,3,8,0,40,5,13,388242986,321206780,1,1,1
5,3,8,0,41,21,29,388242986,321206780,657665319,652586448,459741641
5,3,8,0,42,37,45,388242986,321206780,325516584,721337582,171630419
5,3,8,0,43,53,61,388242986,321206780,37992707,528439300,892314695
5,3,8,0,44,69,77,388242986,321206780,599619393,46209594,208233360
5,3,8,0,45,85,93,388242986,321206780,321206780,984545272,886655516
5,3,8,0,46,101,109,388242986,321206780,685507031,815926050,73242190
5,3,8,0,47,117,125,388242986,321206780,361587201,320034280,844168805
5,3,8,0,48,6,14,748233433,37992707,1,1,1
5,3,8,0,49,22,30,748233433,37992707,657665319,752543237,474130624
5,3,8,0,50,38,46,748233433,37992707,325516584,974527200,379311679
5,3,8,0,51,54,62,748233433,37992707,37992707,1062755379,421163569
5,3,8,0,52,70,78,748233433,37992707,599619393,673962946,181435322
5,3,8,0,53,86,94,748233433,37992707,321206780,528439300,399787071
5,3,8,0,54,102,110,748233433,37992707,685507031,458010850,315633928
5,3,8,0,55,118,126,748233433,37992707,361587201,315633928,585120871
5,3,8,0,56,7,15,474130624,361587201,1,1,1
5,3,8,0,57,23,31,474130624,361587201,657665319,379311679,274582827
5,3,8,0,58,39,47,474130624,361587201,325516584,181435322,528439300
5,3,8,0,59,55,63,474130624,361587201,37992707,315633928,902119598
5,3,8,0,60,71,79,474130624,361587201,599619393,504231929,815926050
5,3,8,0,61,87,95,474130624,361587201,321206780,320034280,344872134
5,3,8,0,62,103,111,474130624,361587201,685507031,957364790,462366380
5,3,8,0,63,119,127,474130624,361587201,361587201,447273737,52613218
5,3,8,1,0,128,136,1,1,799167190,1,495671011
5,3,8,1,1,144,152,1,1,694438338,1,1062755379
5,3,8,1,2,160,168,1,1,402513650,1,652586448
5,3,8,1,3,176,184,1,1,99222817,1,459741641
5,3,8,1,4,192,200,1,1,614008376,1,974527200
5,3,8,1,5,208,216,1,1,421163569,1,671236367
5,3,8,1,6,224,232,1,1,10994638,1,379311679
5,3,8,1,7,240,248,1,1,578079006,1,274582827
5,3,8,1,8,129,137,712162816,599619393,799167190,440707649,356746691
5,3,8,1,9,145,153,712162816,599619393,694438338,356746691,711856442
5,3,8,1,10,161,169,712162816,599619393,402513650,1071029070,822686542
5,3,8,1,11,177,185,712162816,599619393,99222817,969735620,576444164
5,3,8,1,12,193,201,712162816,599619393,614008376,901096861,741034156
5,3,8,1,13,209,217,712162816,599619393,421163569,468059684,235637106
5,3,8,1,14,225,233,712162816,599619393,10994638,325597406,1066311971
5,3,8,1,15,241,249,712162816,599619393,578079006,123325148,748152611
5,3,8,1,16,130,138,1035757310,325516584,799167190,187094501,46209594
5,3,8,1,17,146,154,1035757310,325516584,694438338,779493133,462366380
5,3,8,1,18,162,170,1035757310,325516584,402513650,46209594,984545272
5,3,8,1,19,178,186,1035757310,325516584,99222817,208233360,886655516
5,3,8,1,20,194,202,1035757310,325516584,614008376,388561657,815926050
5,3,8,1,21,210,218,1035757310,325516584,421163569,728877883,275597901
5,3,8,1,22,226,234,1035757310,325516584,10994638,504231929,320034280
5,3,8,1,23,242,250,1035757310,325516584,578079006,815926050,344872134
5,3,8,1,24,131,139,752543237,685507031,799167190,901096861,468059684
5,3,8,1,25,147,155,752543237,685507031,694438338,741034156,235637106
5,3,8,1,26,163,171,752543237,685507031,402513650,123325148,191950665
5,3,8,1,27,179,187,752543237,685507031,99222817,278483467,950424869
5,3,8,1,28,195,203,752543237,685507031,614008376,356746691,2726122
5,3,8,1,29,211,219,752543237,685507031,421163569,2726122,333307578
5,3,8,1,30,227,235,752543237,685507031,10994638,722972536,78058549
5,3,8,1,31,243,251,752543237,685507031,578079006,822686542,214503163
5,3,8,1,32,132,140,416084698,657665319,799167190,817737403,673962946
5,3,8,1,33,148,156,416084698,657665319,694438338,458010850,743904164
5,3,8,1,34,164,172,416084698,657665319,402513650,721337582,528439300
5,3,8,1,35,180,188,416084698,657665319,99222817,171630419,892314695
5,3,8,1,36,196,204,416084698,657665319,614008376,673962946,458010850
5,3,8,1,37,212,220,416084698,657665319,421163569,190413549,256012614
5,3,8,1,38,228,236,416084698,657665319,10994638,181435322,315633928
5,3,8,1,39,244,252,416084698,657665319,578079006,528439300,902119598
5,3,8,1,40,133,141,388242986,321206780,799167190,1071029070,969735620
5,3,8,1,41,149,157,388242986,321206780,694438338,822686542,576444164
5,3,8,1,42,165,173,388242986,321206780,402513650,285094367,98497549
5,3,8,1,43,181,189,388242986,321206780,99222817,98497549,1061044308
5,3,8,1,44,197,205,388242986,321206780,614008376,123325148,278483467
5,3,8,1,45,213,221,388242986,321206780,421163569,191950665,950424869
5,3,8,1,46,229,237,388242986,321206780,10994638,439679952,184055349
5,3,8,1,47,245,253,388242986,321206780,578079006,990973619,851886287
5,3,8,1,48,134,142,748233433,37992707,799167190,388561657,504231929
5,3,8,1,49,150,158,748233433,37992707,694438338,229581212,632422208
5,3,8,1,50,166,174,748233433,37992707,402513650,815926050,320034280
5,3,8,1,51,182,190,748233433,37992707,99222817,73242190,844168805
5,3,8,1,52,198,206,748233433,37992707,614008376,779493133,957364790
5,3,8,1,53,214,222,748233433,37992707,421163569,317291227,865516657
5,3,8,1,54,230,238,748233433,37992707,10994638,957364790,447273737
5,3,8,1,55,246,254,748233433,37992707,578079006,462366380,52613218
5,3,8,1,56,135,143,474130624,361587201,799167190,325597406,123325148
5,3,8,1,57,151,159,474130624,361587201,694438338,1066311971,748152611
5,3,8,1,58,167,175,474130624,361587201,402513650,439679952,990973619
5,3,8,1,59,183,191,474130624,361587201,99222817,184055349,851886287
5,3,8,1,60,199,207,474130624,361587201,614008376,722972536,822686542
5,3,8,1,61,215,223,474130624,361587201,421163569,78058549,214503163
5,3,8,1,62,231,239,474130624,361587201,10994638,683291937,1007190719
5,3,8,1,63,247,255,474130624,361587201,578079006,1007190719,57627457
5,3,8,2,0,256,264,1,1,678067437,1,817737403
5,3,8,2,1,272,280,1,1,545310717,1,488629146
5,3,8,2,2,288,296,1,1,188071293,1,458010850
5,3,8,2,3,304,312,1,1,892314695,1,317029215
5,3,8,2,4,320,328,1,1,329845853,1,721337582
5,3,8,2,5,336,344,1,1,883336468,1,315633928
5,3,8,2,6,352,360,1,1,935200680,1,171630419
5,3,8,2,7,368,376,1,1,399787071,1,1021595250
5,3,8,2,8,257,265,712162816,599619393,678067437,387049130,642344479
5,3,8,2,9,273,281,712162816,599619393,545310717,601346906,903910022
5,3,8,2,10,289,297,712162816,599619393,188071293,642344479,786704250
5,3,8,2,11,305,313,712162816,599619393,892314695,754057898,395130980
5,3,8,2,12,321,329,712162816,599619393,329845853,754587317,837399340
5,3,8,2,13,337,345,712162816,599619393,883336468,1063435359,202278107
5,3,8,2,14,353,361,712162816,599619393,935200680,232140538,800526448
5,3,8,2,15,369,377,712162816,599619393,399787071,550287776,319162700
5,3,8,2,16,258,266,1035757310,325516584,678067437,440707649,1071029070
5,3,8,2,17,274,282,1035757310,325516584,545310717,469253809,1038697402
5,3,8,2,18,290,298,1035757310,325516584,188071293,356746691,822686542
5,3,8,2,19,306,314,1035757310,325516584,892314695,285094367,679951601
5,3,8,2,20,322,330,1035757310,325516584,329845853,1071029070,285094367
5,3,8,2,21,338,346,1035757310,325516584,883336468,722972536,1007190719
5,3,8,2,22,354,362,1035757310,325516584,935200680,969735620,98497549
5,3,8,2,23,370,378,1035757310,325516584,399787071,616973287,604496208
5,3,8,2,24,259,267,752543237,685507031,678067437,1044181966,290047592
5,3,8,2,25,275,283,752543237,685507031,545310717,961970295,711267742
5,3,8,2,26,291,299,752543237,685507031,188071293,903565468,1038468587
5,3,8,2,27,307,315,752543237,685507031,892314695,306806243,504180050
5,3,8,2,28,323,331,752543237,685507031,329845853,473577691,862849377
5,3,8,2,29,339,347,752543237,685507031,883336468,890832652,1035970607
5,3,8,2,30,355,363,752543237,685507031,935200680,796711999,408280051
5,3,8,2,31,371,379,752543237,685507031,399787071,349348920,182917365
5,3,8,2,32,260,268,416084698,657665319,678067437,187094501,388561657
5,3,8,2,33,276,284,416084698,657665319,545310717,702235827,467509252
5,3,8,2,34,292,300,416084698,657665319,188071293,779493133,229581212
5,3,8,2,35,308,316,416084698,657665319,892314695,984545272,344872134
5,3,8,2,36,324,332,416084698,657665319,329845853,46209594,815926050
5,3,8,2,37,340,348,416084698,657665319,883336468,957364790,632422208
5,3,8,2,38,356,364,416084698,657665319,935200680,208233360,73242190
5,3,8,2,39,372,380,416084698,657665319,399787071,288649834,31489074
5,3,8,2,40,261,269,388242986,321206780,678067437,754587317,232140538
5,3,8,2,41,277,285,388242986,321206780,545310717,604244801,839289129
5,3,8,2,42,293,301,388242986,321206780,188071293,837399340,800526448
5,3,8,2,43,309,317,388242986,321206780,892314695,832396487,774302049
5,3,8,2,44,325,333,388242986,321206780,329845853,754057898,947120702
5,3,8,2,45,341,349,388242986,321206780,883336468,892501043,472403111
5,3,8,2,46,357,365,388242986,321206780,935200680,947120702,987958779
5,3,8,2,47,373,381,388242986,321206780,399787071,593559137,354165413
5,3,8,2,48,262,270,748233433,37992707,678067437,901096861,325597406
5,3,8,2,49,278,286,748233433,37992707,545310717,218826563,582929218
5,3,8,2,50,294,302,748233433,37992707,188071293,741034156,1066311971
5,3,8,2,51,310,318,748233433,37992707,892314695,990973619,910763807
5,3,8,2,52,326,334,748233433,37992707,329845853,123325148,439679952
5,3,8,2,53,342,350,748233433,37992707,883336468,1066311971,1049044962
5,3,8,2,54,358,366,748233433,37992707,935200680,278483467,184055349
5,3,8,2,55,374,382,748233433,37992707,399787071,56660921,82776398
5,3,8,2,56,263,271,474130624,361587201,678067437,470197401,473577691
5,3,8,2,57,279,287,474130624,361587201,545310717,667272734,812630551
5,3,8,2,58,295,303,474130624,361587201,188071293,890832652,357995642
5,3,8,2,59,311,319,474130624,361587201,892314695,992086157,406477283
5,3,8,2,60,327,335,474130624,361587201,329845853,22094670,306806243
5,3,8,2,61,343,351,474130624,361587201,883336468,388213601,765411733
5,3,8,2,62,359,367,474130624,361587201,935200680,219965702,890923031
5,3,8,2,63,375,383,474130624,361587201,399787071,435801599,915783431
5,3,8,3,0,384,392,1,1,52154767,1,673962946
5,3,8,3,1,400,408,1,1,902119598,1,138549337
5,3,8,3,2,416,424,1,1,758116089,1,190413549
5,3,8,3,3,432,440,1,1,352412435,1,743904164
5,3,8,3,4,448,456,1,1,756720802,1,181435322
5,3,8,3,5,464,472,1,1,615739167,1,885678724
5,3,8,3,6,480,488,1,1,585120871,1,528439300
5,3,8,3,7,496,504,1,1,256012614,1,395682580
5,3,8,3,8,385,393,712162816,599619393,52154767,1044181966,903565468
5,3,8,3,9,401,409,712162816,599619393,902119598,569569967,729824062
5,3,8,3,10,417,425,712162816,599619393,758116089,290047592,1038468587
5,3,8,3,11,433,441,712162816,599619393,352412435,903565468,398580869
5,3,8,3,12,449,457,712162816,599619393,756720802,470197401,890832652
5,3,8,3,13,465,473,712162816,599619393,615739167,1010800917,52748244
5,3,8,3,14,481,489,712162816,599619393,585120871,473577691,357995642
5,3,8,3,15,497,505,712162816,599619393,256012614,1033546797,62949100
5,3,8,3,16,386,394,1035757310,325516584,52154767,901096861,123325148
5,3,8,3,17,402,410,1035757310,325516584,902119598,24705055,899106445
5,3,8,3,18,418,426,1035757310,325516584,758116089,468059684,191950665
5,3,8,3,19,434,442,1035757310,325516584,352412435,741034156,748152611
5,3,8,3,20,450,458,1035757310,325516584,756720802,325597406,439679952
5,3,8,3,21,466,474,1035757310,325516584,615739167,653072860,402440247
5,3,8,3,22,482,490,1035757310,325516584,585120871,123325148,990973619
5,3,8,3,23,498,506,1035757310,325516584,256012614,177778572,332715861
5,3,8,3,24,387,395,752543237,685507031,52154767,642344479,857085928
5,3,8,3,25,403,411,752543237,685507031,902119598,687051942,952820481
5,3,8,3,26,419,427,752543237,685507031,758116089,857085928,719584604
5,3,8,3,27,435,443,752543237,685507031,352412435,786704250,673382586
5,3,8,3,28,451,459,752543237,685507031,756720802,1063435359,977829509
5,3,8,3,29,467,475,752543237,685507031,615739167,299447968,162407533
5,3,8,3,30,483,491,752543237,685507031,585120871,837399340,749008332
5,3,8,3,31,499,507,752543237,685507031,256012614,990506365,469505216
5,3,8,3,32,388,396,416084698,657665319,52154767,388561657,779493133
5,3,8,3,33,404,412,416084698,657665319,902119598,905389919,847903535
5,3,8,3,34,420,428,416084698,657665319,758116089,728877883,317291227
5,3,8,3,35,436,444,416084698,657665319,352412435,229581212,371514190
5,3,8,3,36,452,460,416084698,657665319,756720802,504231929,957364790
5,3,8,3,37,468,476,416084698,657665319,615739167,1042260943,1027540423
5,3,8,3,38,484,492,416084698,657665319,585120871,815926050,462366380
5,3,8,3,39,500,508,416084698,657665319,256012614,949473874,785100183
5,3,8,3,40,389,397,388242986,321206780,52154767,473577691,796711999
5,3,8,3,41,405,413,388242986,321206780,902119598,431233734,70545827
5,3,8,3,42,421,429,388242986,321206780,758116089,862849377,408280051
5,3,8,3,43,437,445,388242986,321206780,352412435,357995642,642516283
5,3,8,3,44,453,461,388242986,321206780,756720802,22094670,219965702
5,3,8,3,45,469,477,388242986,321206780,615739167,838000363,206361397
5,3,8,3,46,485,493,388242986,321206780,585120871,306806243,890923031
5,3,8,3,47,501,509,388242986,321206780,256012614,553677216,685536416
5,3,8,3,48,390,398,748233433,37992707,52154767,356746691,722972536
5,3,8,3,49,406,414,748233433,37992707,902119598,231206881,2720947
5,3,8,3,50,422,430,748233433,37992707,758116089,2726122,78058549
5,3,8,3,51,438,446,748233433,37992707,352412435,711856442,606199647
5,3,8,3,52,454,462,748233433,37992707,756720802,722972536,683291937
5,3,8,3,53,470,478,748233433,37992707,615739167,427155522,1071023895
5,3,8,3,54,486,494,748233433,37992707,585120871,822686542,1007190719
5,3,8,3,55,502,510,748233433,37992707,256012614,807336669,344642621
5,3,8,3,56,391,399,474130624,361587201,52154767,1063435359,837399340
5,3,8,3,57,407,415,474130624,361587201,902119598,1011402883,523462241
5,3,8,3,58,423,431,474130624,361587201,758116089,977829509,749008332
5,3,8,3,59,439,447,474130624,361587201,352412435,202278107,57204403
5,3,8,3,60,455,463,474130624,361587201,756720802,1039528536,892501043
5,3,8,3,61,471,479,474130624,361587201,615739167,563287098,198673260
5,3,8,3,62,487,495,474130624,361587201,585120871,892501043,395130980
5,3,8,3,63,503,511,474130624,361587201,256012614,841005288,120929536
6,2,4,0,0,0,4,1,1,1,1,1
6,2,4,0,1,8,12,1,1,657665319,1,416084698
6,2,4,0,2,16,20,1,1,325516584,1,1035757310
6,2,4,0,3,24,28,1,1,37992707,1,748233433
6,2,4,0,4,32,36,1,1,599619393,1,712162816
6,2,4,0,5,40,44,1,1,321206780,1,388242986
6,2,4,0,6,48,52,1,1,685507031,1,752543237
6,2,4,0,7,56,60,1,1,361587201,1,474130624
6,2,4,0,8,64,68,1,1,799167190,1,495671011
6,2,4,0,9,72,76,1,1,694438338,1,1062755379
6,2,4,0,10,80,84,1,1,402513650,1,652586448
6,2,4,0,11,88,92,1,1,99222817,1,459741641
6,2,4,0,12,96,100,1,1,614008376,1,974527200
6,2,4,0,13,104,108,1,1,421163569,1,671236367
6,2,4,0,14,112,116,1,1,10994638,1,379311679
6,2,4,0,15,120,124,1,1,578079006,1,274582827
6,2,4,0,16,1,5,1035757310,325516584,1,1,1
6,2,4,0,17,9,13,1035757310,325516584,657665319,712162816,388242986
6,2,4,0,18,17,21,1035757310,325516584,325516584,495671011,652586448
6,2,4,0,19,25,29,1035757310,325516584,37992707,974527200,274582827
6,2,4,0,20,33,37,1035757310,325516584,599619393,817737403,721337582
6,2,4,0,21,41,45,1035757310,325516584,321206780,721337582,317029215
6,2,4,0,22,49,53,1035757310,325516584,685507031,673962946,528439300
6,2,4,0,23,57,61,1035757310,325516584,361587201,181435322,399787071
6,2,4,0,24,65,69,1035757310,325516584,799167190,187094501,46209594
6,2,4,0,25,73,77,1035757310,325516584,694438338,779493133,462366380
6,2,4,0,26,81,85,1035757310,325516584,402513650,46209594,984545272
6,2,4,0,27,89,93,1035757310,325516584,99222817,208233360,886655516
6,2,4,0,28,97,101,1035757310,325516584,614008376,388561657,815926050
6,2,4,0,29,105,109,1035757310,325516584,421163569,728877883,275597901
6,2,4,0,30,113,117,1035757310,325516584,10994638,504231929,320034280
6,2,4,0,31,121,125,1035757310,325516584,578079006,815926050,344872134
6,2,4,0,32,2,6,416084698,657665319,1,1,1
6,2,4,0,33,10,14,416084698,657665319,657665319,1035757310,748233433
6,2,4,0,34,18,22,416084698,657665319,325516584,712162816,752543237
6,2,4,0,35,26,30,416084698,657665319,37992707,752543237,361587201
6,2,4,0,36,34,38,416084698,657665319,599619393,495671011,974527200
6,2,4,0,37,42,46,416084698,657665319,321206780,652586448,274582827
6,2,4,0,38,50,54,416084698,657665319,685507031,974527200,1062755379
6,2,4,0,39,58,62,416084698,657665319,361587201,379311679,421163569
6,2,4,0,40,66,70,416084698,657665319,799167190,817737403,673962946
6,2,4,0,41,74,78,416084698,657665319,694438338,458010850,743904164
6,2,4,0,42,82,86,416084698,657665319,402513650,721337582,528439300
6,2,4,0,43,90,94,416084698,657665319,99222817,171630419,892314695
6,2,4,0,44,98,102,416084698,657665319,614008376,673962946,458010850
6,2,4,0,45,106,110,416084698,657665319,421163569,190413549,256012614
6,2,4,0,46,114,118,416084698,657665319,10994638,181435322,315633928
6,2,4,0,47,122,126,416084698,657665319,578079006,528439300,902119598
6,2,4,0,48,3,7,748233433,37992707,1,1,1
6,2,4,0,49,11,15,748233433,37992707,657665319,752543237,474130624
6,2,4,0,50,19,23,748233433,37992707,325516584,974527200,379311679
6,2,4,0,51,27,31,748233433,37992707,37992707,1062755379,421163569
6,2,4,0,52,35,39,748233433,37992707,599619393,673962946,181435322
6,2,4,0,53,43,47,748233433,37992707,321206780,528439300,399787071
6,2,4,0,54,51,55,748233433,37992707,685507031,458010850,315633928
6,2,4,0,55,59,63,748233433,37992707,361587201,315633928,585120871
6,2,4,0,56,67,71,748233433,37992707,799167190,388561657,504231929
6,2,4,0,57,75,79,748233433,37992707,694438338,229581212,632422208
6,2,4,0,58,83,87,748233433,37992707,402513650,815926050,320034280
6,2,4,0,59,91,95,748233433,37992707,99222817,73242190,844168805
6,2,4,0,60,99,103,748233433,37992707,614008376,779493133,957364790
6,2,4,0,61,107,111,748233433,37992707,421163569,317291227,865516657
6,2,4,0,62,115,119,748233433,37992707,10994638,957364790,447273737
6,2,4,0,63,123,127,748233433,37992707,578079006,462366380,52613218
6,2,4,1,0,128,132,1,1,678067437,1,817737403
6,2,4,1,1,136,140,1,1,545310717,1,488629146
6,2,4,1,2,144,148,1,1,188071293,1,458010850
6,2,4,1,3,152,156,1,1,892314695,1,317029215
6,2,4,1,4,160,164,1,1,329845853,1,721337582
6,2,4,1,5,168,172,1,1,883336468,1,315633928
6,2,4,1,6,176,180,1,1,935200680,1,171630419
6,2,4,1,7,184,188,1,1,399787071,1,1021595250
6,2,4,1,8,192,196,1,1,52154767,1,673962946
6,2,4,1,9,200,204,1,1,902119598,1,138549337
6,2,4,1,10,208,212,1,1,758116089,1,190413549
6,2,4,1,11,216,220,1,1,352412435,1,743904164
6,2,4,1,12,224,228,1,1,756720802,1,181435322
6,2,4,1,13,232,236,1,1,615739167,1,885678724
6,2,4,1,14,240,244,1,1,585120871,1,528439300
6,2,4,1,15,248,252,1,1,256012614,1,395682580
6,2,4,1,16,129,133,1035757310,325516584,678067437,440707649,1071029070
6,2,4,1,17,137,141,1035757310,325516584,545310717,469253809,1038697402
6,2,4,1,18,145,149,1035757310,325516584,188071293,356746691,822686542
6,2,4,1,19,153,157,1035757310,325516584,892314695,285094367,679951601
6,2,4,1,20,161,165,1035757310,325516584,329845853,1071029070,285094367
6,2,4,1,21,169,173,1035757310,325516584,883336468,722972536,1007190719
6,2,4,1,22,177,181,1035757310,325516584,935200680,969735620,98497549
6,2,4,1,23,185,189,1035757310,325516584,399787071,616973287,604496208
6,2,4,1,24,193,197,1035757310,325516584,52154767,901096861,123325148
6,2,4,1,25,201,205,1035757310,325516584,902119598,24705055,899106445
6,2,4,1,26,209,213,1035757310,325516584,758116089,468059684,191950665
6,2,4,1,27,217,221,1035757310,325516584,352412435,741034156,748152611
6,2,4,1,28,225,229,1035757310,325516584,756720802,325597406,439679952
6,2,4,1,29,233,237,1035757310,325516584,615739167,653072860,402440247
6,2,4,1,30,241,245,1035757310,325516584,585120871,123325148,990973619
6,2,4,1,31,249,253,1035757310,325516584,256012614,177778572,332715861
6,2,4,1,32,130,134,416084698,657665319,678067437,187094501,388561657
6,2,4,1,33,138,142,416084698,657665319,545310717,702235827,467509252
6,2,4,1,34,146,150,416084698,657665319,188071293,779493133,229581212
6,2,4,1,35,154,158,416084698,657665319,892314695,984545272,344872134
6,2,4,1,36,162,166,416084698,657665319,329845853,46209594,815926050
6,2,4,1,37,170,174,416084698,657665319,883336468,957364790,632422208
6,2,4,1,38,178,182,416084698,657665319,935200680,208233360,73242190
6,2,4,1,39,186,190,416084698,657665319,399787071,288649834,31489074
6,2,4,1,40,194,198,416084698,657665319,52154767,388561657,779493133
6,2,4,1,41,202,206,416084698,657665319,902119598,905389919,847903535
6,2,4,1,42,210,214,416084698,657665319,758116089,728877883,317291227
6,2,4,1,43,218,222,416084698,657665319,352412435,229581212,371514190
6,2,4,1,44,226,230,416084698,657665319,756720802,504231929,957364790
6,2,4,1,45,234,238,416084698,657665319,615739167,1042260943,1027540423
6,2,4,1,46,242,246,416084698,657665319,585120871,815926050,462366380
6,2,4,1,47,250,254,416084698,657665319,256012614,949473874,785100183
6,2,4,1,48,131,135,748233433,37992707,678067437,901096861,325597406
6,2,4,1,49,139,143,748233433,37992707,545310717,218826563,582929218
6,2,4,1,50,147,151,748233433,37992707,188071293,741034156,1066311971
6,2,4,1,51,155,159,748233433,37992707,892314695,990973619,910763807
6,2,4,1,52,163,167,748233433,37992707,329845853,123325148,439679952
6,2,4,1,53,171,175,748233433,37992707,883336468,1066311971,1049044962
6,2,4,1,54,179,183,748233433,37992707,935200680,278483467,184055349
6,2,4,1,55,187,191,748233433,37992707,399787071,56660921,82776398
6,2,4,1,56,195,199,748233433,37992707,52154767,356746691,722972536
6,2,4,1,57,203,207,748233433,37992707,902119598,231206881,2720947
6,2,4,1,58,211,215,748233433,37992707,758116089,2726122,78058549
6,2,4,1,59,219,223,748233433,37992707,352412435,711856442,606199647
6,2,4,1,60,227,231,748233433,37992707,756720802,722972536,683291937
6,2,4,1,61,235,239,748233433,37992707,615739167,427155522,1071023895
6,2,4,1,62,243,247,748233433,37992707,585120871,822686542,1007190719
6,2,4,1,63,251,255,748233433,37992707,256012614,807336669,344642621
6,2,4,2,0,256,260,1,1,441327809,1,187094501
6,2,4,2,1,264,268,1,1,124276143,1,317291227
6,2,4,2,2,272,276,1,1,976664795,1,702235827
6,2,4,2,3,280,284,1,1,257823967,1,447273737
6,2,4,2,4,288,292,1,1,798152116,1,779493133
6,2,4,2,5,296,300,1,1,31489074,1,1021136799
6,2,4,2,6,304,308,1,1,1000507827,1,984545272
6,2,4,2,7,312,316,1,1,569518088,1,847903535
6,2,4,2,8,320,324,1,1,395896132,1,46209594
6,2,4,2,9,328,332,1,1,844168805,1,284782112
6,2,4,2,10,336,340,1,1,1027124512,1,957364790
6,2,4,2,11,344,348,1,1,344872134,1,853743350
6,2,4,2,12,352,356,1,1,606240765,1,208233360
6,2,4,2,13,360,364,1,1,168360098,1,462366380
6,2,4,2,14,368,372,1,1,753715737,1,288649834
6,2,4,2,15,376,380,1,1,685188360,1,949879357
6,2,4,2,16,257,261,1035757310,325516584,441327809,387049130,754587317
6,2,4,2,17,265,269,1035757310,325516584,124276143,857085928,749008332
6,2,4,2,18,273,277,1035757310,325516584,976664795,601346906,604244801
6,2,4,2,19,281,285,1035757310,325516584,257823967,1039528536,151041506
6,2,4,2,20,289,293,1035757310,325516584,798152116,642344479,837399340
6,2,4,2,21,297,301,1035757310,325516584,31489074,400367431,598699744
6,2,4,2,22,305,309,1035757310,325516584,1000507827,754057898,832396487
6,2,4,2,23,313,317,1035757310,325516584,569518088,687051942,523462241
6,2,4,2,24,321,325,1035757310,325516584,395896132,754587317,754057898
6,2,4,2,25,329,333,1035757310,325516584,844168805,926966534,132607423
6,2,4,2,26,337,341,1035757310,325516584,1027124512,1063435359,892501043
6,2,4,2,27,345,349,1035757310,325516584,344872134,180193115,431405538
6,2,4,2,28,353,357,1035757310,325516584,606240765,232140538,947120702
6,2,4,2,29,361,365,1035757310,325516584,168360098,837399340,395130980
6,2,4,2,30,369,373,1035757310,325516584,753715737,550287776,593559137
6,2,4,2,31,377,381,1035757310,325516584,685188360,564421382,34221481
6,2,4,2,32,258,262,416084698,657665319,441327809,440707649,901096861
6,2,4,2,33,266,270,416084698,657665319,124276143,2726122,235637106
6,2,4,2,34,274,278,416084698,657665319,976664795,469253809,218826563
6,2,4,2,35,282,286,416084698,657665319,257823967,683291937,1049044962
6,2,4,2,36,290,294,416084698,657665319,798152116,356746691,741034156
6,2,4,2,37,298,302,416084698,657665319,31489074,12705709,605622196
6,2,4,2,38,306,310,416084698,657665319,1000507827,285094367,990973619
6,2,4,2,39,314,318,416084698,657665319,569518088,231206881,434929989
6,2,4,2,40,322,326,416084698,657665319,395896132,1071029070,123325148
6,2,4,2,41,330,334,416084698,657665319,844168805,859246854,108575979
6,2,4,2,42,338,342,416084698,657665319,1027124512,722972536,1066311971
6,2,4,2,43,346,350,416084698,657665319,344872134,281833391,895971445
6,2,4,2,44,354,358,416084698,657665319,606240765,969735620,278483467
6,2,4,2,45,362,366,416084698,657665319,168360098,822686542,748152611
6,2,4,2,46,370,374,416084698,657665319,753715737,616973287,56660921
6,2,4,2,47,378,382,416084698,657665319,685188360,467550370,881799352
6,2,4,2,48,259,263,748233433,37992707,441327809,1044181966,470197401
6,2,4,2,49,267,271,748233433,37992707,124276143,1038468587,1035970607
6,2,4,2,50,275,279,748233433,37992707,976664795,961970295,667272734
6,2,4,2,51,283,287,748233433,37992707,257823967,388213601,724401097
6,2,4,2,52,291,295,748233433,37992707,798152116,903565468,890832652
6,2,4,2,53,299,303,748233433,37992707,31489074,162075110,40203220
6,2,4,2,54,307,311,748233433,37992707,1000507827,306806243,992086157
6,2,4,2,55,315,319,748233433,37992707,569518088,729824062,665469966
6,2,4,2,56,323,327,748233433,37992707,395896132,473577691,22094670
6,2,4,2,57,331,335,748233433,37992707,844168805,97416528,29568051
6,2,4,2,58,339,343,748233433,37992707,1027124512,890832652,388213601
6,2,4,2,59,347,351,748233433,37992707,344872134,420015338,235749654
6,2,4,2,60,355,359,748233433,37992707,606240765,796711999,219965702
6,2,4,2,61,363,367,748233433,37992707,168360098,357995642,765411733
6,2,4,2,62,371,375,748233433,37992707,753715737,349348920,435801599
6,2,4,2,63,379,383,748233433,37992707,685188360,276923176,343925955
6,2,4,3,0,384,388,1,1,123870660,1,388561657
6,2,4,3,1,392,396,1,1,785100183,1,320034280
6,2,4,3,2,400,404,1,1,611383637,1,905389919
6,2,4,3,3,408,412,1,1,865516657,1,467509252
6,2,4,3,4,416,420,1,1,220006667,1,728877883
6,2,4,3,5,424,428,1,1,116385227,1,46625505
6,2,4,3,6,432,436,1,1,788967905,1,229581212
6,2,4,3,7,440,444,1,1,1027540423,1,677853885
6,2,4,3,8,448,452,1,1,225846482,1,504231929
6,2,4,3,9,456,460,1,1,89204745,1,73242190
6,2,4,3,10,464,468,1,1,52613218,1,1042260943
6,2,4,3,11,472,476,1,1,294256884,1,275597901
6,2,4,3,12,480,484,1,1,626476280,1,815926050
6,2,4,3,13,488,492,1,1,371514190,1,97085222
6,2,4,3,14,496,500,1,1,756458790,1,949473874
6,2,4,3,15,504,508,1,1,886655516,1,632422208
6,2,4,3,16,385,389,1035757310,325516584,123870660,1044181966,473577691
6,2,4,3,17,393,397,1035757310,325516584,785100183,22094670,992086157
6,2,4,3,18,401,405,1035757310,325516584,611383637,569569967,431233734
6,2,4,3,19,409,413,1035757310,325516584,865516657,961970295,812630551
6,2,4,3,20,417,421,1035757310,325516584,220006667,290047592,862849377
6,2,4,3,21,425,429,1035757310,325516584,116385227,867388620,975953846
6,2,4,3,22,433,437,1035757310,325516584,788967905,903565468,357995642
6,2,4,3,23,441,445,1035757310,325516584,1027540423,308338284,277038018
6,2,4,3,24,449,453,1035757310,325516584,225846482,470197401,22094670
6,2,4,3,25,457,461,1035757310,325516584,89204745,796711999,890923031
6,2,4,3,26,465,469,1035757310,325516584,52613218,1010800917,838000363
6,2,4,3,27,473,477,1035757310,325516584,294256884,862849377,504180050
6,2,4,3,28,481,485,1035757310,325516584,626476280,473577691,306806243
6,2,4,3,29,489,493,1035757310,325516584,371514190,168895115,404883802
6,2,4,3,30,497,501,1035757310,325516584,756458790,1033546797,553677216
6,2,4,3,31,505,509,1035757310,325516584,886655516,890832652,765411733
6,2,4,3,32,386,390,416084698,657665319,123870660,901096861,356746691
6,2,4,3,33,394,398,416084698,657665319,785100183,439679952,1007190719
6,2,4,3,34,402,406,416084698,657665319,611383637,24705055,231206881
6,2,4,3,35,410,414,416084698,657665319,865516657,218826563,788655650
6,2,4,3,36,418,422,416084698,657665319,220006667,468059684,2726122
6,2,4,3,37,426,430,416084698,657665319,116385227,638820028,633042368
6,2,4,3,38,434,438,416084698,657665319,788967905,741034156,711856442
6,2,4,3,39,442,446,416084698,657665319,1027540423,458592377,390458080
6,2,4,3,40,450,454,416084698,657665319,225846482,325597406,722972536
6,2,4,3,41,458,462,416084698,657665319,89204745,278483467,576444164
6,2,4,3,42,466,470,416084698,657665319,52613218,653072860,427155522
6,2,4,3,43,474,478,416084698,657665319,294256884,191950665,214503163
6,2,4,3,44,482,486,416084698,657665319,626476280,123325148,822686542
6,2,4,3,45,490,494,416084698,657665319,371514190,162986210,104014397
6,2,4,3,46,498,502,416084698,657665319,756458790,177778572,807336669
6,2,4,3,47,506,510,416084698,657665319,886655516,1066311971,606199647
6,2,4,3,48,387,391,748233433,37992707,123870660,642344479,1063435359
6,2,4,3,49,395,399,748233433,37992707,785100183,892501043,151041506
6,2,4,3,50,403,407,748233433,37992707,611383637,687051942,1011402883
6,2,4,3,51,411,415,748233433,37992707,865516657,903910022,314983892
6,2,4,3,52,419,423,748233433,37992707,220006667,857085928,977829509
6,2,4,3,53,427,431,748233433,37992707,116385227,897486372,236350677
6,2,4,3,54,435,439,748233433,37992707,788967905,786704250,202278107
6,2,4,3,55,443,447,748233433,37992707,1027540423,895939840,611276295
6,2,4,3,56,451,455,748233433,37992707,225846482,1063435359,1039528536
6,2,4,3,57,459,463,748233433,37992707,89204745,800526448,472403111
6,2,4,3,58,467,471,748233433,37992707,52613218,299447968,563287098
6,2,4,3,59,475,479,748233433,37992707,294256884,749008332,176263645
6,2,4,3,60,483,487,748233433,37992707,626476280,837399340,892501043
6,2,4,3,61,491,495,748233433,37992707,371514190,115537598,447335253
6,2,4,3,62,499,503,748233433,37992707,756458790,990506365,841005288
6,2,4,3,63,507,511,748233433,37992707,886655516,202278107,941142594
7,1,2,0,0,0,2,1,1,1,1,1
7,1,2,0,1,4,6,1,1,657665319,1,416084698
7,1,2,0,2,8,10,1,1,325516584,1,1035757310
7,1,2,0,3,12,14,1,1,37992707,1,748233433
7,1,2,0,4,16,18,1,1,599619393,1,712162816
7,1,2,0,5,20,22,1,1,321206780,1,388242986
7,1,2,0,6,24,26,1,1,685507031,1,752543237
7,1,2,0,7,28,30,1,1,361587201,1,474130624
7,1,2,0,8,32,34,1,1,799167190,1,495671011
7,1,2,0,9,36,38,1,1,694438338,1,1062755379
7,1,2,0,10,40,42,1,1,402513650,1,652586448
7,1,2,0,11,44,46,1,1,99222817,1,459741641
7,1,2,0,12,48,50,1,1,614008376,1,974527200
7,1,2,0,13,52,54,1,1,421163569,1,671236367
7,1,2,0,14,56,58,1,1,10994638,1,379311679
7,1,2,0,15,60,62,1,1,578079006,1,274582827
7,1,2,0,16,64,66,1,1,678067437,1,817737403
7,1,2,0,17,68,70,1,1,545310717,1,488629146
7,1,2,0,18,72,74,1,1,188071293,1,458010850
7,1,2,0,19,76,78,1,1,892314695,1,317029215
7,1,2,0,20,80,82,1,1,329845853,1,721337582
7,1,2,0,21,84,86,1,1,883336468,1,315633928
7,1,2,0,22,88,90,1,1,935200680,1,171630419
7,1,2,0,23,92,94,1,1,399787071,1,1021595250
7,1,2,0,24,96,98,1,1,52154767,1,673962946
7,1,2,0,25,100,102,1,1,902119598,1,138549337
7,1,2,0,26,104,106,1,1,758116089,1,190413549
7,1,2,0,27,108,110,1,1,352412435,1,743904164
7,1,2,0,28,112,114,1,1,756720802,1,181435322
7,1,2,0,29,116,118,1,1,615739167,1,885678724
7,1,2,0,30,120,122,1,1,585120871,1,528439300
7,1,2,0,31,124,126,1,1,256012614,1,395682580
7,1,2,0,32,1,3,416084698,657665319,1,1,1
7,1,2,0,33,5,7,416084698,657665319,657665319,1035757310,748233433
7,1,2,0,34,9,11,416084698,657665319,325516584,712162816,752543237
7,1,2,0,35,13,15,416084698,657665319,37992707,752543237,361587201
7,1,2,0,36,17,19,416084698,657665319,599619393,495671011,974527200
7,1,2,0,37,21,23,416084698,657665319,321206780,652586448,274582827
7,1,2,0,38,25,27,416084698,657665319,685507031,974527200,1062755379
7,1,2,0,39,29,31,416084698,657665319,361587201,379311679,421163569
7,1,2,0,40,33,35,416084698,657665319,799167190,817737403,673962946
7,1,2,0,41,37,39,416084698,657665319,694438338,458010850,743904164
7,1,2,0,42,41,43,416084698,657665319,402513650,721337582,528439300
7,1,2,0,43,45,47,416084698,657665319,99222817,171630419,892314695
7,1,2,0,44,49,51,416084698,657665319,614008376,673962946,458010850
7,1,2,0,45,53,55,416084698,657665319,421163569,190413549,256012614
7,1,2,0,46,57,59,416084698,657665319,10994638,181435322,315633928
7,1,2,0,47,61,63,416084698,657665319,578079006,528439300,902119598
7,1,2,0,48,65,67,416084698,657665319,678067437,187094501,388561657
7,1,2,0,49,69,71,416084698,657665319,545310717,702235827,467509252
7,1,2,0,50,73,75,416084698,657665319,188071293,779493133,229581212
7,1,2,0,51,77,79,416084698,657665319,892314695,984545272,344872134
7,1,2,0,52,81,83,416084698,657665319,329845853,46209594,815926050
7,1,2,0,53,85,87,416084698,657665319,883336468,957364790,632422208
7,1,2,0,54,89,91,416084698,657665319,935200680,208233360,73242190
7,1,2,0,55,93,95,416084698,657665319,399787071,288649834,31489074
7,1,2,0,56,97,99,416084698,657665319,52154767,388561657,779493133
7,1,2,0,57,101,103,416084698,657665319,902119598,905389919,847903535
7,1,2,0,58,105,107,416084698,657665319,758116089,728877883,317291227
7,1,2,0,59,109,111,416084698,657665319,352412435,229581212,371514190
7,1,2,0,60,113,115,416084698,657665319,756720802,504231929,957364790
7,1,2,0,61,117,119,416084698,657665319,615739167,1042260943,1027540423
7,1,2,0,62,121,123,416084698,657665319,585120871,815926050,462366380
7,1,2,0,63,125,127,416084698,657665319,256012614,949473874,785100183
7,1,2,1,0,128,130,1,1,441327809,1,187094501
7,1,2,1,1,132,134,1,1,124276143,1,317291227
7,1,2,1,2,136,138,1,1,976664795,1,702235827
7,1,2,1,3,140,142,1,1,257823967,1,447273737
7,1,2,1,4,144,146,1,1,798152116,1,779493133
7,1,2,1,5,148,150,1,1,31489074,1,1021136799
7,1,2,1,6,152,154,1,1,1000507827,1,984545272
7,1,2,1,7,156,158,1,1,569518088,1,847903535
7,1,2,1,8,160,162,1,1,395896132,1,46209594
7,1,2,1,9,164,166,1,1,844168805,1,284782112
7,1,2,1,10,168,170,1,1,1027124512,1,957364790
7,1,2,1,11,172,174,1,1,344872134,1,853743350
7,1,2,1,12,176,178,1,1,606240765,1,208233360
7,1,2,1,13,180,182,1,1,168360098,1,462366380
7,1,2,1,14,184,186,1,1,753715737,1,288649834
7,1,2,1,15,188,190,1,1,685188360,1,949879357
7,1,2,1,16,192,194,1,1,123870660,1,388561657
7,1,2,1,17,196,198,1,1,785100183,1,320034280
7,1,2,1,18,200,202,1,1,611383637,1,905389919
7,1,2,1,19,204,206,1,1,865516657,1,467509252
7,1,2,1,20,208,210,1,1,220006667,1,728877883
7,1,2,1,21,212,214,1,1,116385227,1,46625505
7,1,2,1,22,216,218,1,1,788967905,1,229581212
7,1,2,1,23,220,222,1,1,1027540423,1,677853885
7,1,2,1,24,224,226,1,1,225846482,1,504231929
7,1,2,1,25,228,230,1,1,89204745,1,73242190
7,1,2,1,26,232,234,1,1,52613218,1,1042260943
7,1,2,1,27,236,238,1,1,294256884,1,275597901
7,1,2,1,28,240,242,1,1,626476280,1,815926050
7,1,2,1,29,244,246,1,1,371514190,1,97085222
7,1,2,1,30,248,250,1,1,756458790,1,949473874
7,1,2,1,31,252,254,1,1,886655516,1,632422208
7,1,2,1,32,129,131,416084698,657665319,441327809,440707649,901096861
7,1,2,1,33,133,135,416084698,657665319,124276143,2726122,235637106
7,1,2,1,34,137,139,416084698,657665319,976664795,469253809,218826563
7,1,2,1,35,141,143,416084698,657665319,257823967,683291937,1049044962
7,1,2,1,36,145,147,416084698,657665319,798152116,356746691,741034156
7,1,2,1,37,149,151,416084698,657665319,31489074,12705709,605622196
7,1,2,1,38,153,155,416084698,657665319,1000507827,285094367,990973619
7,1,2,1,39,157,159,416084698,657665319,569518088,231206881,434929989
7,1,2,1,40,161,163,416084698,657665319,395896132,1071029070,123325148
7,1,2,1,41,165,167,416084698,657665319,844168805,859246854,108575979
7,1,2,1,42,169,171,416084698,657665319,1027124512,722972536,1066311971
7,1,2,1,43,173,175,416084698,657665319,344872134,281833391,895971445
7,1,2,1,44,177,179,416084698,657665319,606240765,969735620,278483467
7,1,2,1,45,181,183,416084698,657665319,168360098,822686542,748152611
7,1,2,1,46,185,187,416084698,657665319,753715737,616973287,56660921
7,1,2,1,47,189,191,416084698,657665319,685188360,467550370,881799352
7,1,2,1,48,193,195,416084698,657665319,123870660,901096861,356746691
7,1,2,1,49,197,199,416084698,657665319,785100183,439679952,1007190719
7,1,2,1,50,201,203,416084698,657665319,611383637,24705055,231206881
7,1,2,1,51,205,207,416084698,657665319,865516657,218826563,788655650
7,1,2,1,52,209,211,416084698,657665319,220006667,468059684,2726122
7,1,2,1,53,213,215,416084698,657665319,116385227,638820028,633042368
7,1,2,1,54,217,219,416084698,657665319,788967905,741034156,711856442
7,1,2,1,55,221,223,416084698,657665319,1027540423,458592377,390458080
7,1,2,1,56,225,227,416084698,657665319,225846482,325597406,722972536
7,1,2,1,57,229,231,416084698,657665319,89204745,278483467,576444164
7,1,2,1,58,233,235,416084698,657665319,52613218,653072860,427155522
7,1,2,1,59,237,239,416084698,657665319,294256884,191950665,214503163
7,1,2,1,60,241,243,416084698,657665319,626476280,123325148,822686542
7,1,2,1,61,245,247,416084698,657665319,371514190,162986210,104014397
7,1,2,1,62,249,251,416084698,657665319,756458790,177778572,807336669
7,1,2,1,63,253,255,416084698,657665319,886655516,1066311971,606199647
7,1,2,2,0,256,258,1,1,334621212,1,440707649
7,1,2,2,1,260,262,1,1,7438046,1,98497549
7,1,2,2,2,264,266,1,1,174643572,1,2726122
7,1,2,2,3,268,270,1,1,895971445,1,1016122560
7,1,2,2,4,272,274,1,1,965174038,1,469253809
7,1,2,2,5,276,278,1,1,910763807,1,711856442
7,1,2,2,6,280,282,1,1,1038531946,1,683291937
7,1,2,2,7,284,286,1,1,950424869,1,206223358
7,1,2,2,8,288,290,1,1,490820799,1,356746691
7,1,2,2,9,292,294,1,1,881799352,1,442128410
7,1,2,2,10,296,298,1,1,1017089096,1,12705709
7,1,2,2,11,300,302,1,1,420677157,1,1007190719
7,1,2,2,12,304,306,1,1,536100833,1,285094367
7,1,2,2,13,308,310,1,1,795266550,1,729107396
7,1,2,2,14,312,314,1,1,17313374,1,231206881
7,1,2,2,15,316,318,1,1,748152611,1,333307578
7,1,2,2,16,320,322,1,1,468127821,1,1071029070
7,1,2,2,17,324,326,1,1,615157640,1,427155522
7,1,2,2,18,328,330,1,1,889694668,1,859246854
7,1,2,2,19,332,334,1,1,332715861,1,606162122
7,1,2,2,20,336,338,1,1,546561812,1,722972536
7,1,2,2,21,340,342,1,1,434929989,1,1038697402
7,1,2,2,22,344,346,1,1,82776398,1,281833391
7,1,2,2,23,348,350,1,1,605690333,1,576444164
7,1,2,2,24,352,354,1,1,671309770,1,969735620
7,1,2,2,25,356,358,1,1,854923454,1,78058549
7,1,2,2,26,360,362,1,1,113998730,1,822686542
7,1,2,2,27,364,366,1,1,1049044962,1,89701194
7,1,2,2,28,368,370,1,1,838112911,1,616973287
7,1,2,2,29,372,374,1,1,634070065,1,807336669
7,1,2,2,30,376,378,1,1,851886287,1,467550370
7,1,2,2,31,380,382,1,1,172653156,1,679951601
7,1,2,2,32,257,259,416084698,657665319,334621212,387049130,1044181966
7,1,2,2,33,261,263,416084698,657665319,7438046,947120702,890923031
7,1,2,2,34,265,267,416084698,657665319,174643572,857085928,1038468587
7,1,2,2,35,269,271,416084698,657665319,895971445,929222384,1051655347
7,1,2,2,36,273,275,416084698,657665319,965174038,601346906,961970295
7,1,2,2,37,277,279,416084698,657665319,910763807,786704250,398580869
7,1,2,2,38,281,283,416084698,657665319,1038531946,1039528536,388213601
7,1,2,2,39,285,287,416084698,657665319,950424869,386404362,660876184
7,1,2,2,40,289,291,416084698,657665319,490820799,642344479,903565468
7,1,2,2,41,293,295,416084698,657665319,881799352,626414764,755481078
7,1,2,2,42,297,299,416084698,657665319,1017089096,400367431,162075110
7,1,2,2,43,301,303,416084698,657665319,420677157,892501043,765411733
7,1,2,2,44,305,307,416084698,657665319,536100833,754057898,306806243
7,1,2,2,45,309,311,416084698,657665319,795266550,875076757,783702425
7,1,2,2,46,313,315,416084698,657665319,17313374,687051942,729824062
7,1,2,2,47,317,319,416084698,657665319,748152611,719584604,324297663
7,1,2,2,48,321,323,416084698,657665319,468127821,754587317,473577691
7,1,2,2,49,325,327,416084698,657665319,615157640,299447968,52748244
7,1,2,2,50,329,331,416084698,657665319,889694668,926966534,97416528
7,1,2,2,51,333,335,416084698,657665319,332715861,758766125,904854902
7,1,2,2,52,337,339,416084698,657665319,546561812,1063435359,890832652
7,1,2,2,53,341,343,416084698,657665319,434929989,604244801,812630551
7,1,2,2,54,345,347,416084698,657665319,82776398,180193115,420015338
7,1,2,2,55,349,351,416084698,657665319,605690333,800526448,642516283
7,1,2,2,56,353,355,416084698,657665319,671309770,232140538,796711999
7,1,2,2,57,357,359,416084698,657665319,854923454,977829509,1035970607
7,1,2,2,58,361,363,416084698,657665319,113998730,837399340,357995642
7,1,2,2,59,365,367,416084698,657665319,1049044962,280844325,713024045
7,1,2,2,60,369,371,416084698,657665319,838112911,550287776,349348920
7,1,2,2,61,373,375,416084698,657665319,634070065,990506365,62949100
7,1,2,2,62,377,379,416084698,657665319,851886287,564421382,276923176
7,1,2,2,63,381,383,416084698,657665319,172653156,832396487,406477283
7,1,2,3,0,384,386,1,1,393798416,1,901096861
7,1,2,3,1,388,390,1,1,606199647,1,221863730
7,1,2,3,2,392,394,1,1,266413348,1,439679952
7,1,2,3,3,396,398,1,1,456776730,1,235637106
7,1,2,3,4,400,402,1,1,984048823,1,24705055
7,1,2,3,5,404,406,1,1,251063475,1,959751287
7,1,2,3,6,408,410,1,1,995691468,1,218826563
7,1,2,3,7,412,414,1,1,104014397,1,402440247
7,1,2,3,8,416,418,1,1,497305853,1,468059684
7,1,2,3,9,420,422,1,1,791916626,1,990973619
7,1,2,3,10,424,426,1,1,35052615,1,638820028
7,1,2,3,11,428,430,1,1,350777481,1,527188205
7,1,2,3,12,432,434,1,1,467587895,1,741034156
7,1,2,3,13,436,438,1,1,214503163,1,184055349
7,1,2,3,14,440,442,1,1,646594495,1,458592377
7,1,2,3,15,444,446,1,1,2720947,1,605622196
7,1,2,3,16,448,450,1,1,740442439,1,325597406
7,1,2,3,17,452,454,1,1,842543136,1,1056436643
7,1,2,3,18,456,458,1,1,344642621,1,278483467
7,1,2,3,19,460,462,1,1,788655650,1,537649184
7,1,2,3,20,464,466,1,1,66559298,1,653072860
7,1,2,3,21,468,470,1,1,1061044308,1,56660921
7,1,2,3,22,472,474,1,1,631621607,1,191950665
7,1,2,3,23,476,478,1,1,717003326,1,582929218
7,1,2,3,24,480,482,1,1,867526659,1,123325148
7,1,2,3,25,484,486,1,1,390458080,1,35218071
7,1,2,3,26,488,490,1,1,361893575,1,162986210
7,1,2,3,27,492,494,1,1,604496208,1,108575979
7,1,2,3,28,496,498,1,1,57627457,1,177778572
7,1,2,3,29,500,502,1,1,1071023895,1,899106445
7,1,2,3,30,504,506,1,1,975252468,1,1066311971
7,1,2,3,31,508,510,1,1,633042368,1,739128805
7,1,2,3,32,385,387,416084698,657665319,393798416,1044181966,642344479
7,1,2,3,33,389,391,416084698,657665319,606199647,145418453,888858905
7,1,2,3,34,393,395,416084698,657665319,266413348,22094670,892501043
7,1,2,3,35,397,399,416084698,657665319,456776730,1038468587,673382586
7,1,2,3,36,401,403,416084698,657665319,984048823,569569967,687051942
7,1,2,3,37,405,407,416084698,657665319,251063475,412873833,642951214
7,1,2,3,38,409,411,416084698,657665319,995691468,961970295,903910022
7,1,2,3,39,413,415,416084698,657665319,104014397,838000363,198673260
7,1,2,3,40,417,419,416084698,657665319,497305853,290047592,857085928
7,1,2,3,41,421,423,416084698,657665319,791916626,306806243,395130980
7,1,2,3,42,425,427,416084698,657665319,35052615,867388620,897486372
7,1,2,3,43,429,431,416084698,657665319,350777481,749452354,126629315
7,1,2,3,44,433,435,416084698,657665319,467587895,903565468,786704250
7,1,2,3,45,437,439,416084698,657665319,214503163,219965702,472403111
7,1,2,3,46,441,443,416084698,657665319,646594495,308338284,895939840
7,1,2,3,47,445,447,416084698,657665319,2720947,162075110,687345655
7,1,2,3,48,449,451,416084698,657665319,740442439,470197401,1063435359
7,1,2,3,49,453,455,416084698,657665319,842543136,360725972,630379663
7,1,2,3,50,457,459,416084698,657665319,344642621,796711999,800526448
7,1,2,3,51,461,463,416084698,657665319,788655650,441592396,893556902
7,1,2,3,52,465,467,416084698,657665319,66559298,1010800917,299447968
7,1,2,3,53,469,471,416084698,657665319,1061044308,349348920,319162700
7,1,2,3,54,473,475,416084698,657665319,631621607,862849377,749008332
7,1,2,3,55,477,479,416084698,657665319,717003326,667272734,314983892
7,1,2,3,56,481,483,416084698,657665319,867526659,473577691,837399340
7,1,2,3,57,485,487,416084698,657665319,390458080,937714244,443797669
7,1,2,3,58,489,491,416084698,657665319,361893575,168895115,115537598
7,1,2,3,59,493,495,416084698,657665319,604496208,97416528,95920508
7,1,2,3,60,497,499,416084698,657665319,57627457,1033546797,990506365
7,1,2,3,61,501,503,416084698,657665319,1071023895,431233734,523462241
7,1,2,3,62,505,507,416084698,657665319,975252468,890832652,202278107
7,1,2,3,63,509,511,416084698,657665319,633042368,993629655,241353530
8,0,1,0,0,0,1,1,1,1,1,1
8,0,1,0,1,2,3,1,1,657665319,1,416084698
8,0,1,0,2,4,5,1,1,325516584,1,1035757310
8,0,1,0,3,6,7,1,1,37992707,1,748233433
8,0,1,0,4,8,9,1,1,599619393,1,712162816
8,0,1,0,5,10,11,1,1,321206780,1,388242986
8,0,1,0,6,12,13,1,1,685507031,1,752543237
8,0,1,0,7,14,15,1,1,361587201,1,474130624
8,0,1,0,8,16,17,1,1,799167190,1,495671011
8,0,1,0,9,18,19,1,1,694438338,1,1062755379
8,0,1,0,10,20,21,1,1,402513650,1,652586448
8,0,1,0,11,22,23,1,1,99222817,1,459741641
8,0,1,0,12,24,25,1,1,614008376,1,974527200
8,0,1,0,13,26,27,1,1,421163569,1,671236367
8,0,1,0,14,28,29,1,1,10994638,1,379311679
8,0,1,0,15,30,31,1,1,578079006,1,274582827
8,0,1,0,16,32,33,1,1,678067437,1,817737403
8,0,1,0,17,34,35,1,1,545310717,1,488629146
8,0,1,0,18,36,37,1,1,188071293,1,458010850
8,0,1,0,19,38,39,1,1,892314695,1,317029215
8,0,1,0,20,40,41,1,1,329845853,1,721337582
8,0,1,0,21,42,43,1,1,883336468,1,315633928
8,0,1,0,22,44,45,1,1,935200680,1,171630419
8,0,1,0,23,46,47,1,1,399787071,1,1021595250
8,0,1,0,24,48,49,1,1,52154767,1,673962946
8,0,1,0,25,50,51,1,1,902119598,1,138549337
8,0,1,0,26,52,53,1,1,758116089,1,190413549
8,0,1,0,27,54,55,1,1,352412435,1,743904164
8,0,1,0,28,56,57,1,1,756720802,1,181435322
8,0,1,0,29,58,59,1,1,615739167,1,885678724
8,0,1,0,30,60,61,1,1,585120871,1,528439300
8,0,1,0,31,62,63,1,1,256012614,1,395682580
8,0,1,0,32,64,65,1,1,441327809,1,187094501
8,0,1,0,33,66,67,1,1,124276143,1,317291227
8,0,1,0,34,68,69,1,1,976664795,1,702235827
8,0,1,0,35,70,71,1,1,257823967,1,447273737
8,0,1,0,36,72,73,1,1,798152116,1,779493133
8,0,1,0,37,74,75,1,1,31489074,1,1021136799
8,0,1,0,38,76,77,1,1,1000507827,1,984545272
8,0,1,0,39,78,79,1,1,569518088,1,847903535
8,0,1,0,40,80,81,1,1,395896132,1,46209594
8,0,1,0,41,82,83,1,1,844168805,1,284782112
8,0,1,0,42,84,85,1,1,1027124512,1,957364790
8,0,1,0,43,86,87,1,1,344872134,1,853743350
8,0,1,0,44,88,89,1,1,606240765,1,208233360
8,0,1,0,45,90,91,1,1,168360098,1,462366380
8,0,1,0,46,92,93,1,1,753715737,1,288649834
8,0,1,0,47,94,95,1,1,685188360,1,949879357
8,0,1,0,48,96,97,1,1,123870660,1,388561657
8,0,1,0,49,98,99,1,1,785100183,1,320034280
8,0,1,0,50,100,101,1,1,611383637,1,905389919
8,0,1,0,51,102,103,1,1,865516657,1,467509252
8,0,1,0,52,104,105,1,1,220006667,1,728877883
8,0,1,0,53,106,107,1,1,116385227,1,46625505
8,0,1,0,54,108,109,1,1,788967905,1,229581212
8,0,1,0,55,110,111,1,1,1027540423,1,677853885
8,0,1,0,56,112,113,1,1,225846482,1,504231929
8,0,1,0,57,114,115,1,1,89204745,1,73242190
8,0,1,0,58,116,117,1,1,52613218,1,1042260943
8,0,1,0,59,118,119,1,1,294256884,1,275597901
8,0,1,0,60,120,121,1,1,626476280,1,815926050
8,0,1,0,61,122,123,1,1,371514190,1,97085222
8,0,1,0,62,124,125,1,1,756458790,1,949473874
8,0,1,0,63,126,127,1,1,886655516,1,632422208
8,0,1,1,0,128,129,1,1,334621212,1,440707649
8,0,1,1,1,130,131,1,1,7438046,1,98497549
8,0,1,1,2,132,133,1,1,174643572,1,2726122
8,0,1,1,3,134,135,1,1,895971445,1,1016122560
8,0,1,1,4,136,137,1,1,965174038,1,469253809
8,0,1,1,5,138,139,1,1,910763807,1,711856442
8,0,1,1,6,140,141,1,1,1038531946,1,683291937
8,0,1,1,7,142,143,1,1,950424869,1,206223358
8,0,1,1,8,144,145,1,1,490820799,1,356746691
8,0,1,1,9,146,147,1,1,881799352,1,442128410
8,0,1,1,10,148,149,1,1,1017089096,1,12705709
8,0,1,1,11,150,151,1,1,420677157,1,1007190719
8,0,1,1,12,152,153,1,1,536100833,1,285094367
8,0,1,1,13,154,155,1,1,795266550,1,729107396
8,0,1,1,14,156,157,1,1,17313374,1,231206881
8,0,1,1,15,158,159,1,1,748152611,1,333307578
8,0,1,1,16,160,161,1,1,468127821,1,1071029070
8,0,1,1,17,162,163,1,1,615157640,1,427155522
8,0,1,1,18,164,165,1,1,889694668,1,859246854
8,0,1,1,19,166,167,1,1,332715861,1,606162122
8,0,1,1,20,168,169,1,1,546561812,1,722972536
8,0,1,1,21,170,171,1,1,434929989,1,1038697402
8,0,1,1,22,172,173,1,1,82776398,1,281833391
8,0,1,1,23,174,175,1,1,605690333,1,576444164
8,0,1,1,24,176,177,1,1,671309770,1,969735620
8,0,1,1,25,178,179,1,1,854923454,1,78058549
8,0,1,1,26,180,181,1,1,113998730,1,822686542
8,0,1,1,27,182,183,1,1,1049044962,1,89701194
8,0,1,1,28,184,185,1,1,838112911,1,616973287
8,0,1,1,29,186,187,1,1,634070065,1,807336669
8,0,1,1,30,188,189,1,1,851886287,1,467550370
8,0,1,1,31,190,191,1,1,172653156,1,679951601
8,0,1,1,32,192,193,1,1,393798416,1,901096861
8,0,1,1,33,194,195,1,1,606199647,1,221863730
8,0,1,1,34,196,197,1,1,266413348,1,439679952
8,0,1,1,35,198,199,1,1,456776730,1,235637106
8,0,1,1,36,200,201,1,1,984048823,1,24705055
8,0,1,1,37,202,203,1,1,251063475,1,959751287
8,0,1,1,38,204,205,1,1,995691468,1,218826563
8,0,1,1,39,206,207,1,1,104014397,1,402440247
8,0,1,1,40,208,209,1,1,497305853,1,468059684
8,0,1,1,41,210,211,1,1,791916626,1,990973619
8,0,1,1,42,212,213,1,1,35052615,1,638820028
8,0,1,1,43,214,215,1,1,350777481,1,527188205
8,0,1,1,44,216,217,1,1,467587895,1,741034156
8,0,1,1,45,218,219,1,1,214503163,1,184055349
8,0,1,1,46,220,221,1,1,646594495,1,458592377
8,0,1,1,47,222,223,1,1,2720947,1,605622196
8,0,1,1,48,224,225,1,1,740442439,1,325597406
8,0,1,1,49,226,227,1,1,842543136,1,1056436643
8,0,1,1,50,228,229,1,1,344642621,1,278483467
8,0,1,1,51,230,231,1,1,788655650,1,537649184
8,0,1,1,52,232,233,1,1,66559298,1,653072860
8,0,1,1,53,234,235,1,1,1061044308,1,56660921
8,0,1,1,54,236,237,1,1,631621607,1,191950665
8,0,1,1,55,238,239,1,1,717003326,1,582929218
8,0,1,1,56,240,241,1,1,867526659,1,123325148
8,0,1,1,57,242,243,1,1,390458080,1,35218071
8,0,1,1,58,244,245,1,1,361893575,1,162986210
8,0,1,1,59,246,247,1,1,604496208,1,108575979
8,0,1,1,60,248,249,1,1,57627457,1,177778572
8,0,1,1,61,250,251,1,1,1071023895,1,899106445
8,0,1,1,62,252,253,1,1,975252468,1,1066311971
8,0,1,1,63,254,255,1,1,633042368,1,739128805
8,0,1,2,0,256,257,1,1,261119466,1,387049130
8,0,1,2,1,258,259,1,1,80120362,1,897486372
8,0,1,2,2,260,261,1,1,591243621,1,947120702
8,0,1,2,3,262,263,1,1,182917365,1,51961908
8,0,1,2,4,264,265,1,1,974494738,1,857085928
8,0,1,2,5,266,267,1,1,642516283,1,563287098
8,0,1,2,6,268,269,1,1,653734679,1,929222384
8,0,1,2,7,270,271,1,1,40203220,1,395130980
8,0,1,2,8,272,273,1,1,707402973,1,601346906
8,0,1,2,9,274,275,1,1,976333489,1,593559137
8,0,1,2,10,276,277,1,1,81663860,1,786704250
8,0,1,2,11,278,279,1,1,904854902,1,952820481
8,0,1,2,12,280,281,1,1,1021001773,1,1039528536
8,0,1,2,13,282,283,1,1,136035773,1,895939840
8,0,1,2,14,284,285,1,1,665469966,1,386404362
8,0,1,2,15,286,287,1,1,600172326,1,314423775
8,0,1,2,16,288,289,1,1,1003204190,1,642344479
8,0,1,2,17,290,291,1,1,406477283,1,866421321
8,0,1,2,18,292,293,1,1,796826841,1,626414764
8,0,1,2,19,294,295,1,1,210900640,1,888858905
8,0,1,2,20,296,297,1,1,97796171,1,400367431
8,0,1,2,21,298,299,1,1,724401097,1,987958779
8,0,1,2,22,300,301,1,1,224438063,1,892501043
8,0,1,2,23,302,303,1,1,62949100,1,176896610
8,0,1,2,24,304,305,1,1,37779410,1,754057898
8,0,1,2,25,306,307,1,1,632157621,1,903910022
8,0,1,2,26,308,309,1,1,186531822,1,875076757
8,0,1,2,27,310,311,1,1,277038018,1,841005288
8,0,1,2,28,312,313,1,1,929693401,1,687051942
8,0,1,2,29,314,315,1,1,713024045,1,132607423
8,0,1,2,30,316,317,1,1,715754375,1,719584604
8,0,1,2,31,318,319,1,1,603552616,1,642951214
8,0,1,2,32,320,321,1,1,773769869,1,754587317
8,0,1,2,33,322,323,1,1,911674907,1,1011402883
8,0,1,2,34,324,325,1,1,362482275,1,299447968
8,0,1,2,35,326,327,1,1,765411733,1,906849058
8,0,1,2,36,328,329,1,1,318268939,1,926966534
8,0,1,2,37,330,331,1,1,853784315,1,749008332
8,0,1,2,38,332,333,1,1,520072801,1,758766125
8,0,1,2,39,334,335,1,1,170184549,1,641054529
8,0,1,2,40,336,337,1,1,668866215,1,1063435359
8,0,1,2,41,338,339,1,1,324297663,1,1016545614
8,0,1,2,42,340,341,1,1,343925955,1,604244801
8,0,1,2,43,342,343,1,1,206361397,1,630379663
8,0,1,2,44,344,345,1,1,637948418,1,180193115
8,0,1,2,45,346,347,1,1,766943774,1,16913392
8,0,1,2,46,348,349,1,1,367771456,1,800526448
8,0,1,2,47,350,351,1,1,783702425,1,151041506
8,0,1,2,48,352,353,1,1,675169148,1,232140538
8,0,1,2,49,354,355,1,1,235749654,1,115537598
8,0,1,2,50,356,357,1,1,915783431,1,977829509
8,0,1,2,51,358,359,1,1,111779722,1,598699744
8,0,1,2,52,360,361,1,1,883941878,1,837399340
8,0,1,2,53,362,363,1,1,660876184,1,304094115
8,0,1,2,54,364,365,1,1,685536416,1,280844325
8,0,1,2,55,366,367,1,1,504180050,1,443797669
8,0,1,2,56,368,369,1,1,950388067,1,550287776
8,0,1,2,57,370,371,1,1,35281430,1,462473722
8,0,1,2,58,372,373,1,1,276191280,1,990506365
8,0,1,2,59,374,375,1,1,1051655347,1,839289129
8,0,1,2,60,376,377,1,1,182826986,1,564421382
8,0,1,2,61,378,379,1,1,928331564,1,202278107
8,0,1,2,62,380,381,1,1,626000998,1,832396487
8,0,1,2,63,382,383,1,1,29568051,1,162407533
8,0,1,3,0,384,385,1,1,911342484,1,1044181966
8,0,1,3,1,386,387,1,1,241353530,1,447749019
8,0,1,3,2,388,389,1,1,871471910,1,145418453
8,0,1,3,3,390,391,1,1,509328635,1,890923031
8,0,1,3,4,392,393,1,1,234460888,1,22094670
8,0,1,3,5,394,395,1,1,83243652,1,797558737
8,0,1,3,6,396,397,1,1,611276295,1,1038468587
8,0,1,3,7,398,399,1,1,523462241,1,123361950
8,0,1,3,8,400,401,1,1,629952348,1,569569967
8,0,1,3,9,402,403,1,1,792905692,1,388213601
8,0,1,3,10,404,405,1,1,769655902,1,412873833
8,0,1,3,11,406,407,1,1,236350677,1,189808139
8,0,1,3,12,408,409,1,1,475050273,1,961970295
8,0,1,3,13,410,411,1,1,95920508,1,157966586
8,0,1,3,14,412,413,1,1,958212419,1,838000363
8,0,1,3,15,414,415,1,1,841609479,1,398580869
8,0,1,3,16,416,417,1,1,922708511,1,290047592
8,0,1,3,17,418,419,1,1,273223569,1,705978561
8,0,1,3,18,420,421,1,1,1056836625,1,306806243
8,0,1,3,19,422,423,1,1,893556902,1,435801599
8,0,1,3,20,424,425,1,1,443370354,1,867388620
8,0,1,3,21,426,427,1,1,469505216,1,729824062
8,0,1,3,22,428,429,1,1,57204403,1,749452354
8,0,1,3,23,430,431,1,1,10314658,1,404883802
8,0,1,3,24,432,433,1,1,432695488,1,903565468
8,0,1,3,25,434,435,1,1,314983892,1,553677216
8,0,1,3,26,436,437,1,1,324741685,1,219965702
8,0,1,3,27,438,439,1,1,146783483,1,755481078
8,0,1,3,28,440,441,1,1,166900959,1,308338284
8,0,1,3,29,442,443,1,1,774302049,1,711267742
8,0,1,3,30,444,445,1,1,62347134,1,162075110
8,0,1,3,31,446,447,1,1,319162700,1,299980148
8,0,1,3,32,448,449,1,1,430798803,1,470197401
8,0,1,3,33,450,451,1,1,354165413,1,357995642
8,0,1,3,34,452,453,1,1,941142594,1,360725972
8,0,1,3,35,454,455,1,1,386698075,1,144056616
8,0,1,3,36,456,457,1,1,232744729,1,796711999
8,0,1,3,37,458,459,1,1,198673260,1,887218195
8,0,1,3,38,460,461,1,1,169839995,1,441592396
8,0,1,3,39,462,463,1,1,319692119,1,1035970607
8,0,1,3,40,464,465,1,1,896853407,1,1010800917
8,0,1,3,41,466,467,1,1,181248974,1,849311954
8,0,1,3,42,468,469,1,1,85791238,1,349348920
8,0,1,3,43,470,471,1,1,673382586,1,975953846
8,0,1,3,44,472,473,1,1,184891112,1,862849377
8,0,1,3,45,474,475,1,1,447335253,1,276923176
8,0,1,3,46,476,477,1,1,207328696,1,667272734
8,0,1,3,47,478,479,1,1,431405538,1,70545827
8,0,1,3,48,480,481,1,1,759326242,1,473577691
8,0,1,3,49,482,483,1,1,687345655,1,408280051
8,0,1,3,50,484,485,1,1,177810177,1,937714244
8,0,1,3,51,486,487,1,1,34221481,1,52748244
8,0,1,3,52,488,489,1,1,120929536,1,168895115
8,0,1,3,53,490,491,1,1,287045767,1,992086157
8,0,1,3,54,492,493,1,1,480190880,1,97416528
8,0,1,3,55,494,495,1,1,472403111,1,366347044
8,0,1,3,56,496,497,1,1,678619037,1,1033546797
8,0,1,3,57,498,499,1,1,144527633,1,420015338
8,0,1,3,58,500,501,1,1,510462919,1,431233734
8,0,1,3,59,502,503,1,1,216664089,1,99255279
8,0,1,3,60,504,505,1,1,1021788109,1,890832652
8,0,1,3,61,506,507,1,1,126629315,1,482506396
8,0,1,3,62,508,509,1,1,176263645,1,993629655
8,0,1,3,63,510,511,1,1,686700887,1,812630551
